Entry	Entry Name	Glycosylation	Sequence
A0A061I403	FICD_CRIGR	"CARBOHYD 272; /note=""N-linked (GlcNAc...) asparagine""; /evidence=""ECO:0000255"""	MPMASVIAVAEPKWISVWGRFLWLTLLSMALGSLLALLLPLGAVEEQCLAVLRSFHLLRSKLDRTQHVVTKCTSPSTELSVTSGDVGLLTVKTKTSPAGKLEAKAALNQALEMKRQGKREKAHKLFLHALKMDPGFVDALNEFGIFSEEEKDIIQADYLYTRALTISPFHEKALVNRDRTLPLVEEIDQRYFSIIDSKVKKVMSIPKGSSALRRVMEETYYHHIYHTVAIEGNTLTLSEIRHILETRYAVPGKSLEEQNEVIGMHAAMKYINTTLVSRIGSVTIDDMLEIHRRVLGYVDPVEAGRFRRTQVLVGHHIPPHPRDVEKQMQEFTQWLNSEDAMNLHPVEFAALAHYKLVYIHPFIDGNGRTSRLLMNLILMQAGYPPITILKEQRSEYYHVLEVANEGDVRPFIRFIAKCTEVTLDTLLLATTEYSVALPEAQPNHSGLKETLPVRP
A0A087WPF7	AUTS2_MOUSE		MDGPTRGHGLRKKRRSRSQRDRERRSRAGLGTGAAGGIGAGRTRAPSLASSSGSDKEDNGKPPSSAPSRPRPPRRKRRESTSAEEDIIDGFAMTSFVTFEALEKDVAVKPQERAEKRQTPLTKKKREALTNGLSFHSKKSRLSHSHHYSSDRENDRNLCQHLGKRKKMPKGLRQLKPGQNSCRDSDSESASGESKGFQRSSSRERLSDSSAPSSLGTGYFCDSDSDQEEKASDASSEKLFNTVLVNKDPELGVGALPEHNQDAGPIVPKISGLERSQEKSQDCCKEPVFEPVVLKDPHPQLPQLPSQAQAEPQLQIPSPGPDLVPRTEAPPQFPPPSTQPAQGPPEAQLQPAPLPQVQQRPPRPQSPSHLLQQTLPPVQSHPSSQSLSQPLSAYNSSSLSLNSLSSRSSTPAKTQPAPPHISHHPSASPFPLSLPNHSPLHSFTPTLQPPAHSHHPNMFAPPTALPPPPPLTSGSLQVPGHPAGSTYSEQDILRQELNTRFLASQSADRGASLGPPPYLRTEFHQHQHQHQHTHQHTHQHTFTPFPHAIPPTAIMPTPAPPMFDKYPTKVDPFYRHSLFHSYPPAVSGIPPMIPPTGPFGSLQGAFQPKTSNPIDVAARPGTVPHTLLQKDPRLTDPFRPMLRKPGKWCAMHVHIAWQIYHHQQKVKKQMQSDPHKLDFGLKPEFLSRPPGPSLFGAIHHPHDLARPSTLFSAAGAAHPTGTPFGPPPHHSNFLNPAAHLEPFNRPSTFTGLAAVGGNAFGGLGNPSVTPNSVFGHKDSPSVQNFSNPHEPWNRLHRTPPSFPTPPPWLKPGELERSASAAAHDRDRDVDKRDSSVSKDDKERESVEKRHPSHPSPAPPVPVSALGHNRSSTDPTTRGHLNTEAREKDKPKEKERDHSGSRKDLTTEEHKAKESHLPERDGHSHEGRAAGEEPKQLSRVPSPYVRTPGVDSTRPNSTSSREAEPRKGEPAYENPKKNAEVKVKEERKEDHDLPTEAPQAHRTSEAPPPSSSASASVHPGPLASMPMTVGVTGIHAMNSIGSLDRTRMVTPFMGLSPIPGGERFPYPSFHWDPMRDPLRDPYRDLDMHRRDPLGRDFLLRNDPLHRLSTPRLYEADRSFRDREPHDYSHHHHHHHHPLAVDPRREHERGGHLDERERLHVLREDYEHPRLHPVHPASLDGHLPHPSLLTPGLPSMHYPRISPTAGHQNGLLNKTPPTAALSAPPPLISTLGGRPGSPRRTTPLSAEIRERPPSHTLKDIEAR
A0A087X1C5	CP2D7_HUMAN	"CARBOHYD 416; /note=""N-linked (GlcNAc...) asparagine""; /evidence=""ECO:0000255"""	MGLEALVPLAMIVAIFLLLVDLMHRHQRWAARYPPGPLPLPGLGNLLHVDFQNTPYCFDQLRRRFGDVFSLQLAWTPVVVLNGLAAVREAMVTRGEDTADRPPAPIYQVLGFGPRSQGVILSRYGPAWREQRRFSVSTLRNLGLGKKSLEQWVTEEAACLCAAFADQAGRPFRPNGLLDKAVSNVIASLTCGRRFEYDDPRFLRLLDLAQEGLKEESGFLREVLNAVPVLPHIPALAGKVLRFQKAFLTQLDELLTEHRMTWDPAQPPRDLTEAFLAKKEKAKGSPESSFNDENLRIVVGNLFLAGMVTTSTTLAWGLLLMILHLDVQRGRRVSPGCPIVGTHVCPVRVQQEIDDVIGQVRRPEMGDQAHMPCTTAVIHEVQHFGDIVPLGVTHMTSRDIEVQGFRIPKGTTLITNLSSVLKDEAVWKKPFRFHPEHFLDAQGHFVKPEAFLPFSAGRRACLGEPLARMELFLFFTSLLQHFSFSVAAGQPRPSHSRVVSFLVTPSPYELCAVPR
A0A088MLT8	IQIP1_MOUSE		MRLEELKRLQNPLEQVDDGKYLLENHQLAMDVENNIENYPLSLQPLESKVKIIQRAWREYLQRQDPLEKRSPSPPSVSSDKLSSSVSMNTFSDSSTPDYREDGMDLGSDAGSSSSSRASSQSNSTKVTPCSECKSSSSPGGSLDLVSALEDYEEPFPVYQKKVIDEWAPEEDGEEEEEEDDRGYRDDGCPAREPGDVSARIGSSGSGSRSAATTMPSPMPNGNLHPHDPQDLRHNGNVVVAGRPNASRVPRRPIQKTQPPGSRRGGRNRASGGLCLQPPDGGTRVPEEPPAPPMDWEALEKHLAGLQFREQEVRNQGQARTNSTSAQKNERESIRQKLALGSFFDDGPGIYTSCSKSGKPSLSARLQSGMNLQICFVNDSGSDKDSDADDSKTETSLDTPLSPMSKQSSSYSDRDTTEEESESLDDMDFLTRQKKLQAEAKMALAMAKPMAKMQVEVEKQNRKKSPVADLLPHMPHISECLMKRSLKPTDLRDMTIGQLQVIVNDLHSQIESLNEELVQLLLIRDELHTEQDAMLVDIEDLTRHAESQQKHMAEKMPAK
A0A096LP01	SIM26_HUMAN		MYRNEFTAWYRRMSVVYGIGTWSVLGSLLYYSRTMAKSSVDQKDGSASEVPSELSERPKGFYVETVVTYKEDFVPNTEKILNYWKSWTGGPGTEP
A0A096MJN4	SEPT4_RAT		MIKHFLEDNSDDAELSKFVKDFPGSEPCHPTESKTRVARPQILEPRPQSPDLCDDDVEFRATLWSQPSDSQQYFCPPAPLSPSSRPRSPWGKLDPYDSSEDDKEYVGFATLPNQVHRKSVKKGFDFTLMVAGESGLGKSTLVNSLFLTDLYRDRKLLGAEERIMQTVEITKHAVDIEEKGVRLRLTIVDTPGFGDAVNNTECWRPVAEYIDQQFEQYFRDESGLNRKNIQDNRVHCCLYFISPFGHGLRPLDVEFMKALHQRVNIVPILAKADTLTPSEVDRKKCKIREEIEHFGIKIYQFPDCDSDEDEDFKLQDQALKESIPFAVIGSNTVVEARGRRVRGRLYPWGIVEVENPGHCDFVKLRTMLVRTHMQDLKDVTRETHYENYRAQCIQSMTRLVVKERNRNKLTRESGTDFPIPAVPPGTDPETEKLIREKDEELRRMQEMLHKIQRQMKETH
A0A096MJY4	MEF2C_RAT		MGRKKIQITRIMDERNRQVTFTKRKFGLMKKAYELSVLCDCEIALIIFNSTNKLFQYASTDMDKVLLKYTEYNEPHESRTNSDIVETLRKKGLNGCDSPDPDADDSVGHSPESEDKYRKINEDIDLMISRQRLCAVPPPNFEMPVTIPVSSHNSLVYSNPVSSLGNPNLLPLAHPSLQRNSMSPGVTHRPPSAGNTGGLMGGDLTSGAGTSAGNGYGNPRNSPGLLVSPGNLNKNIQAKSPPPMNLGMNNRKPDLRVLIPPGSKNTMPSVSEDVDLLLNQRINNSQSAQSLATPVVSVATPTLPGQGMGGYPSAISTTYGTEYSLSSADLSSLSGFNTASALHLGSVTGWQQQHLHNMPPSALSQLGACTSTHLSQSSNLSLPSTQSLNIKSEPVSPPRDRTTTPSRYPQHTRHEAGRSPVDSLSSCSSSYDGSDREDHRNEFHSPIGLTRPSPDERESPSVKRMRLSEGWAT
A0A096MK47	MLIP_RAT		MTSCVLAGSIETTPKVSPGDSEAKPLIFTFVPTLRRLPTHIQLADTSKFLVKIPEEPTDKNPETVNRFEYSDHMTFSCESKEERDQRILDYPSEVSGKNSQRKEFNTKEPQGMQKGDLFKAEYVFIVDSDGEDEATCRQGEQGPPGATGNIATRPKSLAISSSLASDVVRPKVRGVDVKVSSHPEIPHGIAPQQKHGQLTSPTTSEQLAHKPPAFSFVSPTNQKTPPVPAKVSGTTVLEEFHIRRLDVHGASEEETATYFHTTAHDSPLPAWKGASTLVFSPSAQLPGSSLCGSNVADHTRGLAPEAQKKVSTSSALNPREDVRTSPSPASGASLRSPSASYIPVRIVMHSLSPSPKPLTSSSHGSLSTVCSQTSSSGNLSKSGLKSPVPSRLSLLTAILKSNPSHQRPLSPASCPTFSLNSLASSTLTLDQKIKQTPSTPKKSLSSCSLTTGSTEQEQASAESHQPCHLSFFSKTTPLSQAQPPSPPALASSSYAATDTEKIPGSTLRSSTTPPQSQTDLFSLADVPSVTPGLSPLSSSKGRKDGDLRAPEKNRNICTRPSTLSFIPPINESTALSSSGKCFHPSPALSDLIDRSKRTCSQRHSDQRPNPSALPTPPVSRAGSASHPHLGYSILPPESSLTQALQRSPSALHPSCGSATCPSRTGMPDSTASNRSSRVSTPSLPVSLTRTKELISPCALSMSAGPENKKPKQYKTKSSYKAFAAIPTNTLLLEQKALDEPARTESNSKASVSDLPVELCFPAQLRQQTEELCATIDKVLQDSLSMHSSDSPSRPSQTMLGSETIKTPTTHPRAAGRETKYANLSSSSSTTSESQLTKPGVIRPVPIKSKLFLKKEEEVYEPNPFSKYLEDSSGLFSEQDMAIPHKPVSLHPLYQSKLYPPAKSLLRPQTLSHADCLTPGPFSHLSSFSLRDEQEKSPTLLSQDTYNKPGHPMVTIPEHDTLDSKE
A0A0B4J1F4	ARRD4_MOUSE		MGGEAGADGPRGRVKSLGLVFEDESKGCYSSGETVAGHVLLEAAEPVALRGLRLEAQGRATSAWGPSAGARVCIGGGSPAASSEVEYLNLRLSLLEAPAGEGVTLLQPGKHEFPFRFQLPSEPLATSFTGKYGSIQYCVRAVLERPQVPDQSVRRELQVVSHVDVNTPPLLTPMLKTQEKMVGCWLFTSGPVSLSVKIERKGYCNGEAIPIYAEIENCSSRLVVPKAAIFQTQTYLASGKTKTVRHMVANVRGNHIGSGSTDTWNGKMLKIPPVTPSILDCCIIRVDYSLAVYIHIPGAKRLMLELPLVIGTIPYSGFGRRNSSVASQFSMDMCWLALALPEQPEAPPNYADVVSEEEFSRHVPPYPQPSDCDGEACYSMFACIQEFRFQPPPLYSEVDPHPGDAQETQPVSFIL
A0A0B4J1G0	FCG3A_MOUSE	"CARBOHYD 62; /note=""N-linked (GlcNAc...) asparagine""; /evidence=""ECO:0000255|PROSITE-ProRule:PRU00498""; CARBOHYD 164; /note=""N-linked (GlcNAc...) asparagine""; /evidence=""ECO:0000255|PROSITE-ProRule:PRU00498""; CARBOHYD 179; /note=""N-linked (GlcNAc...) asparagine""; /evidence=""ECO:0000255|PROSITE-ProRule:PRU00498"""	MWQLLLPTALVLTAFSGIQAGLQKAVVNLDPKWVRVLEEDSVTLRCQGTFSPEDNSIKWFHNESLIPHQDANYVIQSARVKDSGMYRCQTALSTISDPVQLEVHMGWLLLQTTKWLFQEGDPIHLRCHSWQNRPVRKVTYLQNGKGKKYFHENSELLIPKATHNDSGSYFCRGLIGHNNKSSASFRISLGDPGSPSMFPPWHQITFCLLIGLLFAIDTVLYFSVRRGLQSPVADYEEPKIQWSKEPQDK
A0A0B4J1N3	GP15L_MOUSE		MRLLALSGLLCMLLLCFCIFSSEGRRHPAKSLKLRRCCHLSPRSKLTTWKGNHTRPCRLCRNKLPVKSWVVPGALPQI
A0A0B4J2F0	PIOS1_HUMAN		MFRRLTFAQLLFATVLGIAGGVYIFQPVFEQYAKDQKELKEKMQLVQESEEKKS
A0A0C5B5G6	MOTSC_HUMAN		MRWQEMGYIFYPRKLR
A0A0D9S1R0	APOE_CHLSB	"CARBOHYD 218; /note=""O-linked (GalNAc...) threonine""; /evidence=""ECO:0000250|UniProtKB:P02649"""	MKVLWAALLVTFLAGCQAAADAPIKVEQPVEPETEPELRPQTEWQSGQPWELALGRFWDYLRWVQTLSEQVQEELLSPQVTQELTTLMDETMKELKAYKSELEEQLSPVAEETRARLSKELQAAQARLGADMEDVRSRLVQYRSEVQAMLGQSTEELRARLASHLRKLRKRLLRDADDLQKRLAVYQAGAREGAERGVSAIRERLGPLVEQGRVRAATVGSLASQPLQERAQALGERLRARMEEMGSRTRDRLDEVKEQVAEVRAKLEEQAQQISLQAEAFQARLKSWFEPLVEDMQRQWAGLVEKVQAAVGASTAPVPSDNH
A0A0G2JDV3	GBP6_MOUSE		MTQPQMAPICLVENHNEQLSVNQEAIEILDKISQPVVVVAIVGLYRTGKSYLMNCLAGQNHGFPLGSTVQSQTKGIWMWCMPHPTKPEHTLVLLDTEGLGDVEKGDPKNDLWIFALSVLLSSTFIYNSMITINHQALEQLQYVTELTELIRAKSSPNPAGIKNSTEFVSFFPDFVWTVRDFMLELKLNGEDITSDDYLENALKLIPGDKPRMQASNSCRECIRLFFPNRKCFVFDRPTHDKELLQKLDSITEDQLDPKFQEVTKAFVSYIFTYAKIKTLKEGIKVTGNRLGILVTTYVNAINSGAVPCLDDAVTTLAQRENSVAVQKAADHYSEQMAQRLRLPTETLQELLDVHAACEKEAMAVFMEHSFKDENQQFLKKLVELIGENKELFLSKNEEASNKYCQEELDRLSKDFMENISTFFVPCGHKLYMDKREKIEHDYWQVPRKGVKASEVFQSFLQSQAFIESSILQADTALTAGEKAIAEERAQKVAAEKEQELLRQKQKEQQEYMEAQEKSHKENLEQLRRKLEQEREQDIKDHDMMLKKLMKDQKAFLEEGFKKKAEEMNKEIQQLRDVIKDKKRNTDRIKEALLNGFSTVLFHYLVRYLKHL
A0A0G2JTR4	ABR_RAT		MEPLSHRGLPRLSWIDTLYSNFSYGAEDYDAEGHEEQKGPPEGSETMPYIDESPTMSPQLSARSQGGGESISPTPPEGLAPGVEAGKGLEMRKLVLSGFLASEEIYINQLEALLLPMKPLKATATTSQPVLTIQQIETIFYKIQDIYEIHKEFYDNLCPKVQQWDSQVTMGHLFQKLASQLGVYKAFVDNYKVALETAEKCSQSNNQFQKISEELKVKGPKDSKDSHTSVTMEALLYKPIDRVTRSTLVLHDLLKHTPVDHPDYPLLQDALRISQNFLSSINEDIDPRRTAVTTPKGETRQLVKDGFLVEMSESSRKLRHVFLFTDVLLCAKLKKTSAGKHQQYDCKWYIPLADLVFPSPEESEASPQVHPFPDHELEDMKVKISALKSEIQKEKANKGQSRAIERLKKKMFENEFLLLLNSPTIPFRIHNRNGKSYLFLLSSDYERSEWREAIQKLQKKDLQAFVLSSVELQVLTGSCFKLRTVHNIPVTSNKDDDESPGLYGFLHVIVHSAKGFKQSANLYCTLEVDSFGYFVSKAKTRVFRDTTEPKWDEEFEIELEGSQSLRILCYEKCYDKTKVNKDNNEIVDKIMGKGQIQLDPQTVESKNWHTDVIEMNGIKVEFSMKFTSRDMSLKRTPSKKQTGVFGVKISVVTKRERSKVPYIVRQCIEEVEKRGIEEVGIYRISGVATDIQALKAVFDANNKDILLMLSDMDINAIAGTLKLYFRELPEPLLTDRLYPAFMEGIALSDPAAKENCMMHLLRSLPDPNLITFLFLLEHLKRVAEKEPINKMSLHNLATVFGPTLLRPSEVESKAHLTSAADIWSHDVMAQVQVLLYYLQHPPISFAELKRNTLYFSTDV
A0A0G2JTY4	NFAC3_RAT		MTTANCGAHDELDFKLVFGEDGAPTPVSQVSRPADLEPDDCASIYIFNVDPPPSTLNSSLGLPHHGLLQSHSSVLSPSFQLQGFKNYEGTDDISESKYSSLSGPKPFECPSIQITSISPNCHQETDAHEDDLHVNDPEREYLERPSRDHLYLPLEPSYRESSLSPSPASSVSSRSWFSDASSCESLSHIYDDVDSELNEAAARFTLGSPLTSPGGSPGGCPGEESWHQQYGPGHSLSPRQSPCHSPRSSITDENWLSPRPASGPSSRPTSPCGKRRHSSAEVCYAGSLSPHHSPVPSPGHSPRGSVTEDTWLTAPVHTGSGLSPAPFPFQYCVETDIPLKTRKTSDDQAAILPGKLEVCSDDQGSLSPSRETSVDDGLGSQYPLKKDSSGDQFLSVPSPFTWSKPKPGHTPIFRTSSLPPLDWPLPTHFGQCELKIEVQPKTHHRAHYETEGSRGAVKASTGGHPVVKLLGYSEKPINLQMFIGTADDRYLRPHAFYQVHRITGKTVATASQEIIIASTKVLEIPLLPENNMSASIDCAGILKLRNSDIELRKGETDIGRKNTRVRLVFRVHIPQPSGKVLSLQIASIPVECSQRSAQELPHIEKYSINSCSVNGGHEMIVTGSNFLPESKIIFLEKGQDGRPHWEAEGKIIREKCQGGHIVLEVPPYHNPAVTSAVQVHFYLCNGKRKKSQSQRFTYTPVLMKQEQREDTDLSSVPSLPVPHSAQTQRPSSDTGHPHDSALSAPRSLICPVQPAYASMITSTHLPQLQCRDEGAGKEQHIIPSSVMHQPFQVTPTSPMGSSYQSIQTNMYNGPTCLPMNPASSQEFDPVLFQQDAALSNLVNLGCQPLSPIPFHSSNSDATGHLLAHSPHSVQTPPHLQSMGYHCSSAGQRSLSSPVAAQVTGQPSSHLQPITYCPSHPGSATAASPAASHALSSSPISGPPSPQLQSMPYQSPSSGTASSPSPVTRMHSGQHSTQAQSTGQGGLSVPSSLVCHSLCDPASFPPGGAAVSIKPEPEDQEPNFATIGLQDITLDDVNEIIGRDMSQITVSQGPEVIRDAPLPGPESPDVMSSNSAQ
A0A0G2JTZ2	SOX6_RAT		MSSKQATSPFACTVDGEETMTQDLTSREKEEGSDQHPASHLPLHPIMHNKPHSEELPTLVSTIQQDADWDSVLSSQQRMESENNKLCSLYSFRNTSTSPHKPDEGSREREIMNSVTFGTPERRKGSLADVVDTLKQKKLEEMTRTEQEDSSCMEKLLSKDWKEKMERLNTSELLGEIKGTPESLAEKERQLSTMITQLISLREQLLAAHDEQKKLAASQIEKQRQQMDLARQQQEQIARQQQQLLQQQHKINLLQQQIQVQGHMPPLMIPIFPHDQRTLAAAAAAQQGFLFPPGITYKPGDNYPVQFIPSTMAAAAASGLSPLQLQKGHVSHPQINPRLKGISDRLGRNLDPYEHGGGHSYNHKQIEQLYAAQLASMQVSPGAKMPSTPQPPNSAGAVSPTGIKNEKRGTSPVTQVKDETTAQPLNLSSRPKTAEPVKSPTSPTQSLFPASKTSPVNLPNKSSIPSPIGGSLGRGSSLDILSSLNSPALFGDQDTVMKAIQEARKMREQIQREQQQQPHGVDGKLSSMNSMGLSNCRNEKERTRFENLGPQLTGKSSEDGKLGPGVIDLTRPEDAEGSKAMNGSAAKLQQYYCWPTGGATVAEARVYRDARGRASSEPHIKRPMNAFMVWAKDERRKILQAFPDMHNSNISKILGSRWKSMSNQEKQPYYEEQARLSKIHLEKYPNYKYKPRPKRTCIVDGKKLRIGEYKQLMRSRRQEMRQFFTVGQQPQIPITTGTGVVYPGAITMATTTPSPQMTSDCSSTSASPEPSLPVIQSTYGMKMDGASLAGNDMINGEDEMEAYDDYEDDPKSDYSSENEAPEPVSAN
A0A0G2JUG7	IQEC1_RAT		MACRRRYLSSLETGSSLSTDRYSVEGEAPSSETGTSLDSPSAYHQGPLVPGSSLSPDHYEHTSVGAYGLYAGPGPQQRTRRPRLQHSTSVLRKQAEEEAIKRSRSLSESYELSSDLQDKQVEMLERKYGGRLVTRHAARTIQTAFRQYQMNKNFERLRSSMSENRMSRRIVLSNMRMQFSFEGPEKVHSSYFEGKQVSVTNDGSQLGALVPSECGDLSDPALKSPAPSSDFADAITELEDAFSRQVKSLAESIDDALNCRSLHSEEVPASDTARARDTEPKPGLHGMDHRKLDEMTASYSDVTLYIDEEELSPPLPLSQAGDRPSSTESDLRLRSGGAAQDYWALAHKEDKADTDTSCRSTPSLERPEPRLRVEHLPLLTIEPPSDSSVELSDRSDRSSLKRQSAYERSLGGQQGSPKHGPHGGPPKGLPREEPELRPRPPRPLESHLAINGSANRQSKSESDYSDGDNDSINSTSNSNDTINCSSESSSRDSLREQTLSKQTYHKETRNSWDSPAFSNDVIRKRHYRIGLNLFNKKPEKGIQYLIERGFVPDTPVGVAHFLLQRKGLSRQMIGEFLGNRQKQFNRDVLDCVVDEMDFSAMELDEALRKFQAHIRVQGEAQKVERLIEAFSQRYCVCNPGVVRQFRNPDTIFILAFAIILLNTDMYSPNVKPERKMKLEDFVKNLRGVDDGEDIPRETLIGIYERIRKRELKTNEDHVSQVQKVEKLIVGKKPIGSLHHGLGCVLSLPHRRLVCYCRLFEVPDPNKPQKLGLHQREIFLFNDLLVVTKIFQKKKNSVTYSFRQSFSLYGMQVLLFENQYYPNGIRLTSAVPGADIKVLINFNAPNPQDRKKFTDDLRESVAEVQEMEKHRIESELEKQKGVVRPSMSQCSSLKKESGNGTLSRACLDDSYASGEGLKRSALSSSLRDLSEAGKRGRRSSAGSLESNVEFQPFQPSQPPVLCS
A0A0G2JV04	GGA3_RAT		MAEAEGESLESWLNKATNPSNRQEDWEYIIGFCDQINKELEGPQIAVRLLAHKIQSPQEWEAVQALTVLEACMKNCGRRLHNEVGKFRFLNELIKVVSPKYLGDRVSEKVKAKVIELLFSWTLALPEEAKIKDAYHMLKRQGIVQSDPPIPMDRTLIPSPPPRPKNPVFDDEEKSKLLAKLLRSKNPDDLQEANQLIKSMVKEDEARIQKVTKRLHTLEEVNNNVKLLHEMLLHYSQEFSSEADKELMKELFDRCENKRRTLFKLASETEDNDNSLGDILQASDNLSRVINSYKTIIEGQIINGEVTTSTVPDSEGNSHCGNQGALIDLAELDTPSSSSPVLAPAPAPPTSGIPILPPPPQTSGPPRSRSSSQAEAPSGPDSTNNALSLLDEELLCLGLSDPAPTAPKESAGNSPWHLFQNEPSSDLDFFSPRLVSAASCPSEGSLLPPPVSTSSLSQAPLPAAFPAPVVPASAVTHSTGSFTFSSGPAPALVPKAEPEGPEYPSSSISHRLDALDQLLEEAKVTSGLVKPVSCFSPGPTASPLLPASTPARPLLPFSTGPGSPLFQSPAFQSQGSPQKGPELSLASVHVPLESIKPSSALPVTAYDKNGFRILFHFAKECPPGRPDVLVVVVSMLNTAPLPVKSIVLQAAVPKSMKVKLQPPSGTELSPFSPIQPPAAITQVMLLANPMKEKVRLRYKLTFALGEQLSTELGEVDQFPPVEQWGNL
A0A0G2JXN2	TRI46_RAT		MAEGEDMQTFTSIMDALVRISTSMKNMEKELLCPVCQEMYKQPLVLPCTHNVCQACAREVLGQQGYIGHGGDPSSEPTSPASTPSTRSPRLSRRTLPKPDRLDRLLKSGFGTYPGRKRGALHPQTILFPCPACQGDVELGERGLSGLFRNLTLERVVERYRQSVSVGGAILCQLCKPPPLEATKGCSECRATFCNECFKLFHPWGTQKAQHEPTLPTLSFRPKGLMCPDHKEEVTHYCKTCQRLVCQLCRVRRTHSGHKITPVLSAYQALKDKLTKSLAYILGNQDTVQTQICELEETIRHTEVSGQQAKEEVSQLVRGLGAVLEEKRSSLLQAIEECQQERLSRLSAQIHEHQSLLDGSGLVGYAQEVLKETDQPCFVQAAKQLHNRIARATEALQTFRPAASSSFRHCQLDVGREMKLLTELNFLRVPEAPVIDTQRTFAYDQIFLCWRLPPHSPPAWHYTVEFRRTDVPAQPGPTRWQRREEVRGTSALLENPDTGSVYVLRVRGCNKAGYGEYSEDVHLHTPPAPVLHFFLDGRWGASRERLAISKDQRAVRSIPGLPLLLAAERLLTGCHLSVDVVLGDVAVTQGRSYWACAVDPASYLVKVGVGLESKLQESFQGAPDVISPRYDPDSGHDSGAEDAAVEALPPFAFLTIGMGKILLGSGASSNAGLTGRDGPAASCTVPLPPRLGICLDYERGRVSFLDAVSFRGLLECPLDCSGPVCPAFCFIGGGAVQLQEPVGTKPERKVTIGGFAKLD
A0A0G2JXT6	MTMR6_RAT		MEHIRTTKVEQVKLLDRFSTNNKSLTGTLYLTATHLLFIDAHQKETWILHHHIASVEKLALTTSGCPLVIQCKNFRIVHFIVPRERDCHDIYNSLLQLSKQAKYEDLYAFSYNPKQNDTERLNGWQLIDLAAEYERMGVPNANWQLSDANREYKVCETYPRELYVPRTASRPVIVGSSNFRSKGRLPVLSYCQQGTEAAICRCSQPLSGFSARCLEDEHLLQAISKANPGNRYMYVVDTRPKLRMQSWWDTQKDIGRIIVRISSKIWNDEKIRESDEKKRLNAMANRAAGKGYENEDNYSNIRFQFVGIENIHVMRSSLQKLLEVNGSKGLSVNDFYSGLESSGWLRHIKAVLDAAIFLAKAIVVENASVLVHCSDGWDRTSQVCSLGSLLLDSYYRTMKGFMVLIEKDWISFGHKFSERCGHLDGDPKEVSPVFTQFLECVWHLTEQFPQAFEFNEAFLLQIHEHIHSCQFGNFLGNCQKEREELRLKEKTYSLWPFLLADKKKYLNPLYSSKSQRLTVLEPNTASFNFKFWRNMYHQFDRTLHPRQSVLNIIMNMNEQNKQLEEDVKDLEAKIKQCKSGILTKDLLHAVHPESPSLKTSLCLKEQSLLPVKDTLRAVEGSSPADNRYCDYTEEFSKSEPAVVSLEYGVARMTC
A0A0G2JZ79	SIR1_RAT		MADEAALALQAGGSPSAAAAMEAASQPADEPLRKRPRRDGPGLGRSPGEPSAAAAAAAAAAGCEAASAAAPAALWREAAGAAAASAEREAPATAAAGDGDNGPGLRREPRAADDFDDDEGEEEDEAAAAAAAAIGYRDNLLLADEIITNGFHSCESDDDDRASHASSSDWTPRPRIGPYTFVQQHLMIGTDPRTILKDLLPETIPPPELDDMTLWQIVINILSEPPKRKKRKDINTIEDAVKLLQECKKIIVLTGAGVSVSCGIPDFRSRDGIYARLAVDFPDLPDPQAMFDIEYFRKDPRPFFKFAKEIYPGQFQPSLCHKFIALSDKEGKLLRNYTQNIDTLEQVAGIQRIIQCHGSFATASCLICKYKVDCEAVRGDIFNQVVPRCPRCPADEPLAIMKPEIVFFGENLPEQFHRAMKYDKDEVDLLIVIGSSLKVRPVALIPSSIPHEVPQILINREPLPHLHFDVELLGDCDVIINELCHRLGGEYAKLCCNPVKLSEITEKPPRTQKELVHLSELPPTPLHISEDSSSPERTVPQDSSVIATLVDQTIKNKVDDLEVSEPKSCVEEKSQEVQTYRNVESINVENPDFKAVGSSTGDKNERTSVAETVRKCWPNRLAKEQISKRLDGNQYLFVPPNRYIFHGAEVYSDSEDDALSSSSCGSNSDSGTCQSPSLEEPLEDESEIEEFYNGLEDDADRPECAGGSGADGGDQEAVNEAIAMKQELTDVNCTPDKSEHY
A0A0G2K047	ACSS3_RAT		MKPSWLQCRKVTGAGTLGAPLPGSPSVRGAGVARRALVAGFGGRGCRALTTSSGGGEYKTHFAASVADPERFWGKAAEQISWYKPWTKTLENRYPPSTSWFVEGMLNICYNAIDRHIENGQGDKIAIIYDSPVTDTKATISYKEVLEQVSKLAGVLVKQGVKKGDTVVIYMPMIPQAIYAMLACARIGAIHSLIFGGFASKELSTRIDHVKPKVVVTASFGIEPGRKVEYMPLLEEALRIGQHKPDRLLIYNRPNMEKVPLMSGRDLDWEEEMAKAQSHDCVPVLSEHPLYILYTSGTTGLPKGVVRPTGGYAVMLNWTMSSIYGLKPGEVWWAASDLGWVVGHSYICYGPLLHGNTTVLYEGKPVGTPDAGAYFRVLAEHGVAALFTAPTAIRAIRQQDPGAALGKQYSLTRFKTLFVAGERCDVETLEWSKKVFRVPVLDHWWQTETGSPITASCIGLGNSKTPPPGQAGKCVPGYNVMILDDNMQKLKARSLGNIVVKLPLPPGAFSGLWKNQEAFKHLYFEKFPGYYDTMDAGYMDEEGYLYVMSRVDDVINVAGHRISAGAIEESVLSHGTVTDCAVVGKEDPLKGHVPLALCVLKKDVNATEEQVLEEIVKHVRQSIGPVAAFRNAVFVKQLPKTRSGKIPRSTLSALVNGKPYKVTPTIEDPSIFGHIEEVLKQAL
A0A0G2K1Q8	ABCA3_RAT	"CARBOHYD 14; /note=""N-linked (GlcNAc...) asparagine""; /evidence=""ECO:0000255""; CARBOHYD 53; /note=""N-linked (GlcNAc...) asparagine""; /evidence=""ECO:0000255""; CARBOHYD 124; /note=""N-linked (GlcNAc...) asparagine""; /evidence=""ECO:0000255""; CARBOHYD 140; /note=""N-linked (GlcNAc...) asparagine""; /evidence=""ECO:0000255""; CARBOHYD 228; /note=""N-linked (GlcNAc...) asparagine""; /evidence=""ECO:0000255""; CARBOHYD 620; /note=""N-linked (GlcNAc...) asparagine""; /evidence=""ECO:0000255""; CARBOHYD 945; /note=""N-linked (GlcNAc...) asparagine""; /evidence=""ECO:0000255""; CARBOHYD 1350; /note=""N-linked (GlcNAc...) asparagine""; /evidence=""ECO:0000255"""	MVVLRQLRLLLWKNYTLKKRKVLVTVLELFLPLLFSGILIWLRLKIQSENVPNATVYPDQHIQELPLFFSFPPPGGSWELAYVPSHSDAARTITEAVRREFMIKMRVHGFSSEKDFEDYVRYDNHSSNVLAAVVFEHTFNHSKDPLPLAVRYHLRFSYTRRNYMWTQTGNLFLKETEGWHTASLFPLFPSPGPREPSSPDGGEPGYIREGFLAVQHAVDKAIMHYHANASAHQLFQKLTVITKRFPFPPYISDPFLIAIQYQLPLLLMLSFTYTSLTIIRAVVQEKEKKLKEYMRMMGLSSWLHWSAWFLMFLLFSLIVVSFMTLLFCVKVKKDIAVLSNSDPSLVLAFLLCFAISSISFSFMVSTFFSKANMAATVGGFLYFFTYTPYFFVAPRYNWMTLSQKLLSCLLSNVAMAMGAQLIGKFEAKGTGIQWCDLLNPVNVDDDFCFGQVLGMLLLDSVLYGLVTWYVEAVFPGQFGVPQPWYFFLMPSYWCGNPRTVVGKEEEGGDPEKAFRTEYFEAEPEDLAAGIKIKHLSKVFQVGNKDKMGIRDLTLNLYEGQITVLLGHNGAGKTTTMSMLTGLFPPTSGHAYIRGYEISQDMVQIRKSLGLCPQHDVLFDNLTVAEHLYFYAQLKGLSVQKCPEEVKQMLHTLGLEDKRDSRSKFLSGGMKRKLAIGIALIAGSKVLMLDEPTSGMDAVSRRAIWDLLQQQKSDRTVLLTTHFMDEADLLGDRIAILAKGELQCCGSSLFLKQKYGAGYHMTLVKEPHCNPEGISQLVHHHVPNAMLESHAGAELSFILPKESTHRFESLFAKLEKKQKELGIASFGASVTTMEEVFLRVGKLVDTSMDIQAIQLPALQYQHERRASDWALDSNLCGVMDPTNGIGALIEEEEVLVKLNTGLALHCQQFWAMFLKKAAYSWREWRMVAAQILVPVTCLTLALLAINYTSEIFDDPPLKLSLNEYGTTVVPFSVPGTSRLGQQLSEHLRDMLQAERQEPREVLGDLEEFLVFRASVEGGGFNERCLVATSFKDSGERTVVTALFNNQAYHSPATALAIVDNLLFKLLCGPRASIEISNYPQPRSTLQVAKDQFNEGRKGFDIALNLLIAMAFLASTFSILAVSERAVQAKHVQFVSGVHVATFWLSALLWDLISFLVPSLLLLVVFRAFDVHAFTRDGHMADLLLLLMLYGWAIIPLMYLLSFFFSAASTAYTRLTIFNILSGIATFIVVTIMRIPAVKLEELSRTLDHVFLVLPNHCLGMAVSNFYENYETRRYCTSSEVATHYCKKYNIQYQENFYAWSTPGIGKFVTSMAASGGIYLTLLFLIETNLLWRLRTFVCAFRRRWTLAELQNRTSVLPEDQDVADERSRVLVPSLDSMLDTPLIINELSKVYDQRAPLLAVDRISLAVQKGECFGLLGFNGAGKTTTFKMLTGEETITSGDAFVGGYSISSDIGKVRQRMGYCPQFDALLDHMTGREMLVMYARLRGIPERLIDACVENTLRGLLLEPHANKLVKTYSGGNKRKLSTGIALIGEPAVIFLDEPSTGMDPVARRLLWDTVARARESGKAIVITSHSMEECEALCTRLAIMVQGQFKCLGSPQHLKSKFGSGYSLQAKVRSEGKQEVLEEFKAFVDLTFPGSVLEDEHQDMVHYHLPGCDLSWAKVFGILEKAKEKYGVDDYSVSQISLEQVFLSFAHLQPPTTEDGR
A0A0G2K2P5	ZO1_RAT		MSARAAAAKSTAMEETAIWEQHTVTLHRAPGFGFGIAISGGRDNPHFQSGETSIVISDVLKGGPAEGQLQENDRVAMVNGVSMDNVEHAFAVQQLRKSGKNAKITIRRKKKVQIPVSHPDPDPVSDNEDDSYDEDVHDPRSGRGALANRRGEKSWARDRSASRDRSLSPRSDRRSVASSQPAKPTKVTLVKSRKNEEYGLRLASHIFVKEISQDSLAARDGNIQEGDVVLKINGTVTENMSLTDAKTLIERSKGKLKMVVQRDERATLLNVPDLSDSIHSANASERDDISEIQSLASDHSVRSHDRPPRRSQSRSPDQRSEPSDHSTQSPQQPSNGSLRSREEERMSKPGAVSTPVKHVDDHTPKAVEEVTVEKHEKQTPTLPEPKPVYAQVGQPDVDLPVSPSDGVLPNSTHEDGILRPSMKLVKFRKGDSVGLRLAGGNDVGIFVAGVLEDSPAAKEGLEEGDQILRVNNVDFTNIIREEAVLFLLDLPKGEEVTILAQKKKDVYRRIVESDVGDSFYIRTHFEYEKESPYGLSFNKGEVFRVVDTLYNGKLGSWLAIRIGKNHKEVERGIVPNKNRAEQLASVQYTLPKTAGGDRADFWRFRGLRSSKRNLRKSREDLSAQPVQTKFPAYERVVLREAGFLRPVTIFGPIADVAREKLAREEPDIYQIAKSEPRDAGTDHRSSGIIRLHTIKQIIDQDKHALLDVTPNAVDRLNYAQWYPIVVFLNPDSKQGVKTMRMRLCPESRKSARKLYERSHKLRKNNHHLFTTTINLNSMNDGWYGALKEAIQQQQNQLVWVSEGKADGATSDDLDLHDDRLSYLSAPGSEYSMYSTDSRHTSDYEDTDTEGGAYTDQELDETLNDEVGTPPESAITRSSEPVREDSSGMHHENQTYPPYSPQAQPQAIHRIDSPGLKTASQQKAEASSPVPYLSPETNPASSASAVKHNVNLTNVNLEEPTPAPPTSHVSQADCLGAPSPEAPHTMLRDEGVSLPSHVDPAKVYRKEPYPEEMMRQNHILKQPALGHPGQRLDKEPNPAYDPQLPYVEKQASRDLEQPPYRYESSSYTDQFSRNYDHRLRFEDRVPTYEDQWSYYDDKQPYPTRPFDTQHPRDLDSRQHPEEASERGYFQRFEEPAPLPYDSRPRYEQLPRTSTLRHEEQPTSGYEVHNRYRPEAQPYAPAGPKSSEPKQYFDQYPRSYEQVPPPGFTSKTGHYEPLHGAAVVPPLIPSSQHKPEVLPSATKPQPPPPALTEEEEDPAMKPQSVLTRVKMFENKRSASLENKKDVNDTASFKPPEVASKPPSASLVGPKPVSQTQFSEHDKTLYRLPEPQKPQAKPPEDIVRSNHYDPEEDEEYYRKQLSYFDRRSFESKPPAHIPAGHHSEPAKPVHSQSQPNFSSYSSKGKPETDAMDRSFSEKRYDPTQAMPPPPPLPSQYSQPVPPLSNSSLHIHSKAAQSEGNSVSLDFQNSYISKPDPPPSQSKPATFRPPTREDPPQTFYPQKSFPDKASVNGAEQTQKTITPAYNRFTPKPYTSSARPFERKFESPKFNHNLLPSETVHKPELSSKPPPSPKTLMKAHSSTQPPEFDSGVETFSVHTDKPKYQINNISTMPKAVPVSPSAVEEDEDEDGHTVVATARGIFNSNGGVLSSIETGVSIIIPQGAIPEGIEQEIYFKVCRDNSILPPLDKEKGETLLSPLVMCGPHGLKFLKPVELRLPHCASMTPDGWSFALKSSDSSSGDPKTWQNKCLPGDPNYLVGANCVSVLIDHF
A0A0G2K309	ORNT1_RAT		MKSNPAIQAAIDLTAGAAGGTACVLTGQPFDTMKVKMQTFPDLYRGLTDCCLRTYSQVGFRGFYKGTSPALIANIAENSVLFMCYGFCQQVVRKVVGLDRQAKLSDLQNAAAGSFASAFAALVLCPTELVKCRLQTMYEMETSGKIAASQNTVWSVVKEIFRKDGPLGFYHGLSSTLLREVPGYFFFFGGYELSRSFFASGRSKDELGPIPLMLSGGFGGICLWLAVYPVDCIKSRIQVLSMTGKQTGLIRTFLSIVKNEGITALYSGLKPTMIRAFPANGALFLAYEYSRKLMMSQLEAC
A0A0G2K344	PK3CA_RAT		MPPRPSSGELWGIHLMPPRILVECLLPNGMIVTLECLREATLVTIKHELFKEARKYPLHQLLQDESSYIFVSVTQEAEREEFFDETRRLCDLRLFQPFLKVIEPVGNREEKILNREIGFVIGMPVCEFDMVKDPEVQDFRRNILNVCKEAVDLRDLNSPHSRAMYVYPPNVESSPELPKHIYNKLDKGQIIVVIWVIVSPNNDKQKYTLKINHDCVPEQVIAEAIRKKTRSMLLSSEQLKLCVLEYQGKYILKVCGCDEYFLEKYPLSQYKYIRSCIMLGRMPNLMLMAKESLYSQLPIDSFTMPSYSRRISTATPYMNGETATKSLWVINSALRIKILCATYVNVNIRDIDKIYVRTGIYHGGEPLCDNVNTQRVPCSNPRWNEWLNYDIYIPDLPRAARLCLSICSVKGRKGAKEEHCPLAWGNINLFDYTDTLVSGKMALNLWPVPHGLEDLLNPIGVTGSNPNKETPCLELEFDWFSSVVKFPDMSVIEEHANWSVSREAGFSYSHTGLSNRLARDNELRENDKEQLRALCTRDPLSEITEQEKDFLWSHRHYCVTIPEILPKLLLSVKWNSRDEVAQMYCLVKDWPPIKPEQAMELLDCNYPDPMVRSFAVRCLEKYLTDDKLSQYLIQLVQVLKYEQYLDNLLVRFLLKKALTNQRIGHFFFWHLKSEMHNKTVSQRFGLLLESYCRACGMYLKHLNRQVEAMEKLINLTDILKQEKKDETQKVQMKFLVEQMRQPDFMDALQGFLSPLNPAHQLGNLRLEECRIMSSAKRPLWLNWENPDIMSELLFQNNEIIFKNGDDLRQDMLTLQIIRIMENIWQNQGLDLRMLPYGCLSIGDCVGLIEVVRNSHTIMQIQCKGGLKGALQFNSHTLHQWLKDKNKGEIYDAAIDLFTRSCAGYCVATFILGIGDRHNSNIMVKDDGQLFHIDFGHFLDHKKKKFGYKRERVPFVLTQDFLIVISKGAQEYTKTREFERFQEMCYKAYLAIRQHANLFINLFSMMLGSGMPELQSFDDIAYIRKTLALDKTEQEALEYFTKQMNDAHHGGWTTKMDWIFHTIKQHALN
A0A0G2K5B0	TBC24_RAT		MDSPGYNCFVDKDKMDASIQDLGPKELNYTELQELKQLARQGYWAQSHALRGKVYQRLIRDIPCRTVTPDASVYSDIVGKIVGKHSSSSLPLPEFVDNTQVPTYCLNPRGEGAVRKILLCIANQFPDISFCPALPAVVALLLHYSIDEAECFEKACRILSCNDPGKKLIDQSFLAFESSCMTFGDLVNKYCQAAHKLMVAVSEDVLQVYSDWQRWLFGELPLNYFARVFDVFLVEGYKVLYRVALAILKFFHKVRAGQPLESDNVKQDIRMFVKDIAKTVSPEKLLEKAFAIRLFSRKEIQLLQMANEKALRQKGITVKQKSVSLSKRQFVHLAVHAENFRSEIVSVKEMRDIWSWIPERFALCQPLLLFSSLQHGYSLSRFYFQCEGHEPTLLLIKTTQKEVCGAYLSTDWSERNKFGGKLSFFGTGECFVFRLQPEVQRYEWVVIKHPELTKAASFKSSEAAANPCLISHSVSSDPADRLSPFLAARHFNLPSKTESMFMAGGNDCLIIGGGGGQALYIDGDLNRGRTGHCDTFNNQPLCSESFLIAAVEAWGFQDPDTQ
A0A0G2QC33	ATG4B_RAT		MDAATLTYDTLRFAEFEDFPETSEPVWILGRKYSIFTEKDEILSDVASRLWFTYRRNFPAIGGTGPTSDTGWGCMLRCGQMIFAQALVCRHLGRDWRWTQRKRQPDSYFSVLNAFLDRKDSYYSIHQIAQMGVGEGKSIGQWYGPNTVAQVLKKLAVFDTWSSLAVHIAMDNTVVMEEIRRLCRASLPCAGAAALSMESERHCNGLPAGAEVTNRPLAWRPLVLLIPLRLGLTDINEAYVETLKHCFMMPQSLGVIGGKPNSAHYFIGYVGEELIYLDPHTTQPAVELTDSCFIPDESFHCQHPPCRMGIGELDPSIAVGFFCKTEEDFNDWCQQVKKLSQLGGALPMFELVEQQPSHLACQDVLNLSLDSSDVERLERFFDSEDEDFEILSL
A0A0K2S4Q6	CD3CH_HUMAN	"CARBOHYD 100; /note=""N-linked (GlcNAc...) asparagine""; /evidence=""ECO:0000255|PROSITE-ProRule:PRU00498"""	MTQRAGAAMLPSALLLLCVPGCLTVSGPSTVMGAVGESLSVQCRYEEKYKTFNKYWCRQPCLPIWHEMVETGGSEGVVRSDQVIITDHPGDLTFTVTLENLTADDAGKYRCGIATILQEDGLSGFLPDPFFQVQVLVSSASSTENSVKTPASPTRPSQCQGSLPSSTCFLLLPLLKVPLLLSILGAILWVNRPWRTPWTES
A0A0P6JG37	ASAH1_HETGA	"CARBOHYD 173; /note=""N-linked (GlcNAc...) asparagine""; /evidence=""ECO:0000269|PubMed:29692406, ECO:0007744|PDB:5U81""; CARBOHYD 259; /note=""N-linked (GlcNAc...) asparagine""; /evidence=""ECO:0000269|PubMed:29692406, ECO:0007744|PDB:5U81""; CARBOHYD 286; /note=""N-linked (GlcNAc...) asparagine""; /evidence=""ECO:0000269|PubMed:29692406, ECO:0007744|PDB:5U81""; CARBOHYD 348; /note=""N-linked (GlcNAc...) asparagine""; /evidence=""ECO:0000255"""	MLGRSRLTFVLLAAAVTCAEAQHAPPWTEDCRKSTYPPSGPTYRGPVPWYTINLDLPPYKRWHELMVDKGPMLKIIVNSFKNMVNTFVPSGKVMQMVDQKLPDLLGQFSGPYEEEMKGIADVTEIPLGEIISFNIFYELFTMCTSIITEDKKGHLLHVRNMDFGIFLGWNINNNTWVITEELKPLTVNLDFQRNSKTVFKATSFAGYVGMLTGFKPGQFSLTLNERFSMNGGYLGLLEWILGKKDASWIGFITRSVLENATSYEEAKNILAKTKLLAPAYFILGGNQSGEGCVITRERKDSLDIYELDPKQGRWYVVQTNYDRWKNPLFLDDRRTPAQTCLKRTTQENLSFATLYDILSTKPVLNKLTVFTALMDVTKNHYEAYLRDCPDPCVGW
A0A0U1RPR8	GUC2D_MOUSE		MAGLQQGCHFEGQNWTAPHWKTCLPCQGPWRLTVSHLKTVSSISVLSVVFWSVLLWADSLSLLAWARETFTLGVLGPWDCDPIFAQALPSIATQLAVDQVNQDASLLPGSQLDFKVLPTGCDTPHALATFVAHKNIVAAFVGPVNPGFCSAAALLAQGWGKSLFSWACEAPEGGGDLVPTLPSAADVLLSVMRHFGWARWAIVSSHQDIWVTTAQQLATAFRTHGLPIGLVTSLGPGEKGATEVCKQLHSVHGLKIVVLCMHSALLGGLEQTTLLHCAWEEGLTDGRLVFLPYDTLLFALPYGNRSYLVLDDHGPLQEAYDAVLTVSLESSPESHAFTATEMSGGATANLEPEQVSPLFGTIYDAVILLAHALNRSETHGAGLSGAHLGDHVRALDVAGFSQRIRTDGKGRRLAQYVILDTDGEGSQLVPTHILDTSTWQVQPLGKPIHFPGGSPPAHDASCWFDPNTLCIRGVQPLGSLLTLTIACVLALVGGFLAYFIRLGLQQLRLLRGPHRILLTSQELTFLQRTPSRRRPHVDSGSESRSVVDGGSPRSVTQGSARSLPAFLEHTNVALYQGEWVWLKKFEAGVAPDLRPSSLSFLRKLREMRHENVTAFLGLFVGPGVSAMVLEHCARGSLEDLLQNENLRLDWTFKASLLLDLIRGLRYLHHRRFPHGRLKSRNCVVDTRFVLKITDHGYAEFLESHCSSRPQPAPEELLWTAPELLRGPGKATFKGDVFSLAIILQEVLTRDPPYCSWGLSAEEIIRKVASPPPLCRPLVSPDQGPLECIQLMQLCWEEAPDDRPSLDQIYTQFKSINQGKKTSVVDSMLRMLEKYSESLEDLVQERTEELELERRKTERLLSQMLPPSVAHALKMGTTVEPEYFDQVTIYFSDIVGFTTISALSEPIEVVGFLNDLYTLFDAVLDSHDVYKVETIGDAYMVASGLPRRNGNRHAAEIANLALDILSYAGNFRMRHAPDVPIRVRAGLHSGPCVAGVVGLTMPRYCLFGDTVNTASRMESTGLPYRIHVSQSTVQALLSLDEGYKIDVRGQTELKGKGLEETYWLTGKVGFCRPLPTPLSIKPGDPWQDRINQEIRTGFAKARQGLAEPRKSGEAGPGP
A0A0U1RRE5	NBDY_HUMAN		MGDQPCASGRSTLPPGNAREAKPPKKRCLLAPRWDYPEGTPNGGSTTLPSAPPPASAGLKSHPPPPEK
A0A125QXJ1	ABCB6_MESAU		MVTVGNYCEAEGPLGPAWAQNGLSPCFFFTLVPSTLMALGALALVLVLPCRRRDVPSGTEELFWAADSRVAPYALQLFLATLQVALPLAGLAGRVGTARGVRLPGYLLLASMLGSLASACGLWLLVAERRQARQSLAMGVWMKFRHSSGLLLLWTVAFAAENLALVSWNSPQWWWARADLGQQVQFGLWVLRYVISGGLFILGLWAPGLRPQSYTLRVHEADQDVERNQAQSTDRTSTWRDLGRKLRLLSSYLWPRGSPALQFIVLICLGLMGLDRALNVLVPIFYRDIVNLLTSKAPWSSLAWTVTTYVFLKFLQGGGTGSTGFVSNLRTFLWIRVQQFTSRGVELRLFSHLHELSLRWHLGRRTGEVLRVVDRGTSSVTGLLSYLVFNIIPTLADIIIGIIYFSMFFNAWFGLIVFLCMSLYLFLTIVVTEWRAKFRRAMNTQENITRARAVDSLLNFETVKYYNAEGYEVERYREAIIKYQGLEWKSSASLVVLNQTQNLVIGLGLLAGSLLCAYFVSEQKLQVGDFVLFGTYITQLYMPLNWFGTYYRMIQTNFIDMENMFDLLKEETEVKDVPGAGPLRFHKGQIEFENVHFSYADGRETLQDVSFTVMPGQTVALVGPSGAGKSTILRLLFRFYDISSGCIRIDGQDISQVTQISLRSHIGVVPQDTVLFNDTIANNIRYGRIAAGDSEVEAAAQAAGIHDAILSFPEGYETQVGERGLKLSGGEKQRVAIARTILKAPDIILLDEATSALDTSNERAIQASLAKVCTNRTTIVVAHRLSTVVSADQILVIKDGCIIERGRHEALLSQGGVYAEMWQLQQKGQETVSEDSKPQDIA
A0A140LI88	ANR31_MOUSE		MENGAEASDCDSDETVIEGSVTENEPEDEELPWRRLLLNQDTTCRSEFCFHSGVDGMQKGIHSPEIQLGLKLRKDSQEQNNKNKLLLALSEDLVLQDPQDKTAQNQVLLQTTKEFPVFTVSFPHPEVSWSHQNTGGHEAENCENLPHSKKELRENSDSPEVSLLSGTSPVAPDLVALKERLTEPVKTLAVPNTLSEPGEEVTQTMTSKETKDEESSLETFVSTLEKLLESSECTQEERLLEVMDDFNPQELFSTLSNSLGSVSVPLNAWAAQGRDELENKADAALPAKLLAAVNTGADVGPSCQGQEKSSSVSGGNGCLAVQPIMSQVDEDCTQIAQNIEDPKPFRLQTLTHENAISYEQINKKKNSDPIKNTSTQETPRVLRRSSRLEKLKASRDVVHTEAVLKKPERILSNTLSFKDQINSIFTTDSFSKRKNMHSSGFKNEQIRKSEQLRKKNGTGEMKKMCLCTINRRNVFGENLLYKAALHNDVDLVRCCIKNGENVNQPSYDGWTALHEASIGGYYQAVSELLKGGADVNVKGKYQITPLHDAVMNRHYKVAELLLMSGADPLFRSDHGTCALDEAKDSSMETLLMKYIPQQKKCHLSAQRNSTDPAHVEDMFQNKKPKLSSNNYTEFICDENFDRQEPGHLEINKGSNNLLMSKEYVCEHCQKDSNTTKFGKSNLNSVKNSRTNVSKRKGQKNRQQKKTQVDDRDCNLSQKIGTSSFRRTNKLLTQQQHAVQTLSDLPEESFELSTTTLSSLENGIGYNEACLVSKKSDTHVLDSSDGQELESVDQTEAASVSELSSYKEIKLLPVTTHQQPHTNQEQYSSPYKSLGNNSSNEKGKATNKWEDSFFSFIKGRSADSDSDCHTLDKSIASPKEGMSHDHHEEIMTGQEVDSQQRLSSENYFSQENDLKVHPLTTHPQEEAVNFCDSNLISVQHTPDYKNCLHEISFGNSYAKTEQSSTSCTRPPSTQKVSPLTVEVELLKGLQDSLAHRDSSPLVNQAGIHSLERKQDTDKNYTKKGPNTSSSSRPLPTVVHSQVIEITKAEKRREDLPGNEPINNTDFYSTDINKELANSSQLNQRKEKENVRKSDAELTHNDSEAERTLKSCEEKKKNMDSETHSPCDIQEHRKDQNFRKRKCSLKAPCSQGVNTTGIGKRNKKGESQLHVAARGGNLSRVKVLIEARADVNLRDNAGWTPLHKAASGGFDDVIIELLQAGANVNCENIDGIVPLHGASAGNHLKAAEILLEHGANPNQKDQKQRTALDEADDEKMKELLKSYGAIESTNGEKRNSTDLVKIPTVQPKRYKQFICDNDKAIGSPVPSHKAKKSESLPVHQTISAILQDIEEKQENLLKLEIRNSEDEEQYIGKMLEIKEVMDNILAQQKTERDDLAKKYRVSMESFKHGALREQLANLATRQKSLLVVAKKQKKIRLKIQNYKNATAVSGVGLRKLPCNSDISSDKKSQEPPTMGDSAHAQPGLLAPVSLAYGSMQEIPLSPEIESESQKINICLNAEAIRREEFSGNDINSKQNVQDCTLGGLLRSKPTDDAEKIASSSQPAALTPHAENSQAEATVKGCGFDSSALTGTINISEDKSIFSPNGACLAADPHSQKLSRCNPKRRNKKTASQQPSAGAAEPLPQAPAVLDTYTVHQTLPCLRDSAAAASHTDSTQSSLSSASAHQHPTKTVPHRNTTPRKKAVQLKDLILRGRINPGNNILEFKTQETTHRASVLPSGKLKGENGQIYQNPVTWLKELLGGGSYVTWNYAWNTVTYLGRELVKCVSEEAPMSAELNPPQLHQPHLSAGTSRESMQTIPHYLQIKEILQISKQELLPCHVMEQHWKFYVGRSHSEALLSW
A0A140LIF8	IRGM2_MOUSE		MEEAVESPEVKEFEYFSDAVFIPKDGNTLSVGVIKRIETAVKEGEVVKVVSIVKEIIQNVSRNKIKIAVTGDSGNGMSSFINALRLIGHEEKDSAPTGVVRTTQKPTCYFSSHFPYVELWDLPGLGATAQSVESYLEEMQISIYDLIIIVASEQFSLNHVKLAITMQRMRKRFYVVWTKLDRDLSTSTFPEPQLLQSIQRNIRDSLQKEKVKEHPMFLVSVFKPESHDFPKLRETLQKDLPVIKYHGLVETLYQVCEKTVNERVESIKKSIDEDNLHTEFGISDPGNAIEIRKAFQKTFGLDDISLHLVALEMKNKHFNTSMESQETQRYQQDDWVLARLYRTGTRVGSIGFDYMKCCFTSHHSRCKQQKDILDETAAKAKEVLLKILRLSIPHP
A0A1B0GQX2	TUNAR_MOUSE		MVITSGNDEDRGGQEKESKEESVLAMLGIIGTILNLIVIIFVYIYTTL
A0A1B0GR13	CYLC1_MOUSE		MSLSKLDSEKLTIEDVQTSSSSCRREINTTTYDDYILSIQTSEKQNQEHFVLTFPKTPMPDKKKRSGPSELEVAVPIQVKRKIEKDQKPTHVWINQFLRDIFLKSSFSRPFITQAPFKYLYNPQNHYTMAESRKSKNDERRKTLKIKFRGKISSCVVNLEPMRTITNGEPEILGNTEKNPSKSSHKIKLPKTSNSTSETNLEYNNSKKTLEMSLRNGNKNSMNFVLKGNAATCCKDNPNTDSKKSVEEFSDDISECINSSNMDLMLRLNEFRAEFTDLDVWSTNCSQNNAKKPLKTGGKKERDSDIDSGGSKDAKKEGKKKGKRESRKKRNTESSDAESGDSKDGKKKSKHDKKNEIKKKKDTDSTGSGSGASMVSKKGKTEKKSTGKKSTGSTGSESVDSKSTNKVKKQVKKGVMKKAVSTDSESDASSKKSKKDEKKENKGRKKKPIKDTESTDADSESEGDSTGKKNEKKDKKITKKGEKKDAKKNTASSESESDLGVNKKKTKIKEIVSFSDSTSDSYSKAGRRKNVRRSDSESEDSSGFRVLKSTDDSEASSTDSKTGMPGMRRGFRSLSKKTTFNERGKRSVTGRIPSSRERLPFPPCEPFRASPKPVHVCKCKESPSPKARYAPLPGVEWIHKLL
A0A1B0GTW7	CIROP_HUMAN	"CARBOHYD 333; /note=""N-linked (GlcNAc...) asparagine""; /evidence=""ECO:0000255|PROSITE-ProRule:PRU00498""; CARBOHYD 425; /note=""N-linked (GlcNAc...) asparagine""; /evidence=""ECO:0000255|PROSITE-ProRule:PRU00498""; CARBOHYD 491; /note=""N-linked (GlcNAc...) asparagine""; /evidence=""ECO:0000255|PROSITE-ProRule:PRU00498""; CARBOHYD 524; /note=""N-linked (GlcNAc...) asparagine""; /evidence=""ECO:0000255|PROSITE-ProRule:PRU00498""; CARBOHYD 713; /note=""N-linked (GlcNAc...) asparagine""; /evidence=""ECO:0000255|PROSITE-ProRule:PRU00498"""	MLLLLLLLLLLPPLVLRVAASRCLHDETQKSVSLLRPPFSQLPSKSRSSSLTLPSSRDPQPLRIQSCYLGDHISDGAWDPEGEGMRGGSRALAAVREATQRIQAVLAVQGPLLLSRDPAQYCHAVWGDPDSPNYHRCSLLNPGYKGESCLGAKIPDTHLRGYALWPEQGPPQLVQPDGPGVQNTDFLLYVRVAHTSKCHQETVSLCCPGWSTAAQSQLTAALTSWAQRRGFVMLPRLCLKLLGSSNLPTLASQSIRITGPSVIAYAACCQLDSEDRPLAGTIVYCAQHLTSPSLSHSDIVMATLHELLHALGFSGQLFKKWRDCPSGFSVRENCSTRQLVTRQDEWGQLLLTTPAVSLSLAKHLGVSGASLGVPLEEEEGLLSSHWEARLLQGSLMTATFDGAQRTRLDPITLAAFKDSGWYQVNHSAAEELLWGQGSGPEFGLVTTCGTGSSDFFCTGSGLGCHYLHLDKGSCSSDPMLEGCRMYKPLANGSECWKKENGFPAGVDNPHGEIYHPQSRCFFANLTSQLLPGDKPRHPSLTPHLKEAELMGRCYLHQCTGRGAYKVQVEGSPWVPCLPGKVIQIPGYYGLLFCPRGRLCQTNEDINAVTSPPVSLSTPDPLFQLSLELAGPPGHSLGKEQQEGLAEAVLEALASKGGTGRCYFHGPSITTSLVFTVHMWKSPGCQGPSVATLHKALTLTLQKKPLEVYHGGANFTTQPSKLLVTSDHNPSMTHLRLSMGLCLMLLILVGVMGTTAYQKRATLPVRPSASYHSPELHSTRVPVRGIREV
A0A1D9BZF0	GCNA_MOUSE		MDSGSSSSSSSSGSSSGSCSTSGSGSTSGSSTTSSSSSSSSSSSSSSSSSSKEYMPELPKQRKASCVVIDSESDSDNTSDEKNTTVCEISSGDETSDIDRPGGQKLPLIVIDDDDDGSPDLKNTKQKSDEPQMSVLEKEGVECIGSDSTSPHDVCEIWDVCGSSNQTSSELEPEGEPESEAKGEPESEAKGEPESEAKGEPESEAKGESESEAKGEMETEAKGESESEAKGEMETEAKGESESEAKGEMETEAKGEPESEAKGEMETEAKGEPESEAKGEMETEAKGESESEAKGEMETEAKGESESEAKGEMETEAKGEPESEAKGEMETEAKGEPESEAKGEPEPEAAKGEMETEAAMGEVETEAAMGEPEQEITAEEAKKKRAAYLLAQQRKRKRKNRFICMSSSKPRRKRRRADPQDGADPQDGADPQDRADPQDLADPQDRGDSQDMPSLPGTSDEPIPSGQPVCPRKGMASSRGRGRGRGRGRGRGRGRGRGRGRGAKAGK
A0A1S6M251	B4GT5_PIG	"CARBOHYD 77; /note=""N-linked (GlcNAc...) asparagine""; /evidence=""ECO:0000255""; CARBOHYD 81; /note=""N-linked (GlcNAc...) asparagine""; /evidence=""ECO:0000255""; CARBOHYD 90; /note=""N-linked (GlcNAc...) asparagine""; /evidence=""ECO:0000255""; CARBOHYD 111; /note=""N-linked (GlcNAc...) asparagine""; /evidence=""ECO:0000255""; CARBOHYD 128; /note=""N-linked (GlcNAc...) asparagine""; /evidence=""ECO:0000255""; CARBOHYD 364; /note=""N-linked (GlcNAc...) asparagine""; /evidence=""ECO:0000255""; CARBOHYD 373; /note=""N-linked (GlcNAc...) asparagine""; /evidence=""ECO:0000255"""	MRVRRGLLRLPRRSLLAALFFFSLSSSLLYFVYVAPGIVNTYLFMMQAQGILIRDNMRTIGAQVYEQVVRSAYAKRNSSVNDSDYPLDLNHSETFLQTTTFLPEDFTYFANHTCPERLPSMKGPIDINMSEIGMDTIHELFSKDPAIKLGGHWKPSDCVPRWKVAILIPFRNRHEHLPVLLRHLIPMLQRQRLQFAFYVVEQVGTQPFNRAMLFNVGFQEAMKDLDWDCLVFHDVDHIPENDRNYYGCGQMPRHFATKLDKYMYLLPYNEFFGGVSGLTVEQFRKINGFPNAFWGWGGEDDDLWNRVQNAGYSVSRPEGDTGKYKSIPYHHRGEVQFLGRYALLRKSKERQGLDGLNNLNYFANITYDALYKNITVNLTPELAQVTEY
A0A1U8CC89	FAD1_MESAU		MASRASELPPGRSVTAGIIIVGDEILKGHTQDTNTYFLCRTLRSLGVQVCRVSVVPDEVATIAAEVTSFSNRFTHVLTAGGIGPTHDDVTFEAVAQAFGEELKPHPELQTAIKTLGEVGWEKLSLVPSSARLHYGTDPRTGQPFRFPLVSVRNVYLFPGIPELLRRAMEGLKGLFQNTAVQFHVKELYVAAPESSIASILTEAQAHFGRRLSLGSYPDWGSNYYQVKLILDSEEKEPLEECLAYLTAHLPQGSLVPYLPNAVEHAGEAVYKLAQSGSCLGKKVASALQTIETALDQYCLAKLCVGFNGGKDCTALLHLFHAAVQRKFPDVPERLQILYIRSISPFPELEQFLQDTIKRYNLQVLEAEGNMKQALGELQEKHPQLEAVLMGTRRTDPYSCSLSHFSPTDPGWPSFMRINPLLDWTYRNIWDFLRQLFVPYCILYDRGYTSLGSRENTMQNPALKCLSPGGHPIYRPAYLLENEEEERNSRT
A0A1W2P872	NOVA2_MOUSE		MEPEAPDSRKRPLETPPEVVCTKRSNTGEEGEYFLKVLIPSYAAGSIIGKGGQTIVQLQKETGATIKLSKSKDFYPGTTERVCLVQGTAEALNAVHSFIAEKVREIPQAMTKPEVVNILQPQTTMNPDRAKQAKLIVPNSTAGLIIGKGGATVKAVMEQSGAWVQLSQKPEGINLQERVVTVSGEPEQVHKAVSAIVQKVQEDPQSSSCLNISYANVAGPVANSNPTGSPYASPADVLPAAAAASAAAASGLLGPAGLAGVGAFPAALPAFSGTDLLAISTALNTLASYGYNTNSLSLGLNSAAASGVLAAVAAGANPAAAAAANLLASYAGDAGAGPGAGAAPPPPPPPGALGSFALAAAANGYLGAGAGGAAGAGGAPLVAAAAAAGAAGGFLTAEKLAAESAKELVEIAVPENLVGAILGKGGKTLVEYQELTGARIQISKKGEFLPGTRNRRVTITGSPAATQAAQYLISQRVTYEQGVRASNPQKVG
A0A250YGJ5	SIR6_CASCN		MSVNYAAGLSPYADKGKCGLPEIFDPPEELERKVWELARLVRQSSNVVFHTGAGISTASGIPDFRGPHGVWTMEERGLAPKFDTTFENARPTQTHMALVQLERVGLLHFVVSQNVDGLHVRSGFPRDKLAELHGNMFVEECAKCKTQYVRDTVVGTMGLKTTGRLCTVAKARGLRACRGELRDTILDWEDALPDRDLALADEASRNADLSITLGTSLQIRPSGNLPLATKRRGGKLVIVNLQPTKHDRHADLRIHGYVDDVMTQLMKHLGLEIPAWDGPRVLEKALPPLPRPPTPKLEPTDKSLAQLNGSVPADSKPEPCTWHNGSQPASPKREQPDSPAPRRPPKRVKAEVTPS
A0A287B8J2	DCTN1_PIG		MAQSKRHVYSRTPSGSRMSAEASARPLRVGSRVEVIGKGHRGTVAYVGATLFATGKWVGVILDEAKGKNDGTVQGRKYFTCDEGHGIFVRQSQIQVFEDGADTTSPETPDSSASKVLRREGTDSNAKTSKLRGPKPKKAPTARKTTTRRPKPTRPASTGVAGASSSLGPSGSASAGELSSSEPSTPAQTPLAAPIIPTPALTSPGAAPPLPSPSKEEEGLRAQVRDLEEKLETLRLKRAEDKAKLKELEKHKIQLEQVQEWKSKMQEQQADLQRRLKEARKEAKEALEAKERYMEEMADTADAIEMATLDKEMAEERAESLQQEVEALKERVDELTTDLEILKAEIEEKGSDGAASSYQLKQLEEQNARLKDALVRMRDLSSSEKQEHVKLQKLMEKKNQELEVVRQQRERLQEELSQAESTIDELKEQVDAALGAEEMVEMLTDRNLNLEEKVRELRETVGDLEAMNEMNDELQENARETELELREQLDMAGARVREAQKRVEAAQETVADYQQTIKKYRQLTAHLQDVNRELTNQQEASVERQQQPPPETFDFKIKFAETKAHAKAIEMELRQMEVAQANRHMSLLTAFMPDSFLRPGGDHDCVLVLLLMPRLICKAELIRKQAQEKFDLSENCSERPGLRGAAGEQLSFAAGLVYSLSLLQATLHRYEHALSQCSVDVYKKVGSLYPEMSAHERSLDFLIELLHKDQLDETVNVEPLTKAIKYYQHLYSIHLAEQPEDSTMQLADHIKFTQSALDCMSVEVGRLRAFLQGGQEASDIALLLRDLETSCSDIRQFCKKIRRRMPGTDAPGIPAALAFGAQVSDTLLDCRKHLTWVVAVLQEVAAAAAQLIAPLAENEGLPVAALEELAFKASEQIYGTPSSSPYECLRQSCNILISTMNKLATAMQEGEYDAERPPSKPPPVELRAAALRAEITDAEGLGLKLEDRETVIKELKKSLKIKGEELSEANVRLSLLEKKLDSAAKDADERIEKVQTRLEETQALLRKKEKEFEETMDALQADIDQLEAEKAELKQRLNSQSKRTIEGIRGPPPSGIATLVSGIAGEEQQRGGAPGQAPGIVPGPGLVKDSPLLLQQISAMRLHISQLQHENSVLKGAQMKASLAALPPLHVAKLSLPPHEGPGSELAAGALYRKTNQLLETLNQLSTHTHVVDITRSSPAAKSPSAQLLEQVTQLKSLSDTIEKLKDEVLKETVSQRPGATVPTDFATFPSSAFLRAKEEQQDDTVYMGKVTFSCAAGLGQRHRLVLTQEQLHQLHDRLIS
A0A291NUG3	STING_PTEPA		MLHSSLHPSIPQPRGRRAKKAAFVLLSVCLVVLWDLGERPEHILQWLMLHLASLQLGLLFKGVCSLVEELRHVHSRYQGSYWKAVRACLGCPIRCGTLLLLSCYFYTPFPNTTHLPFTWTLALLGLSQALSILLDLQDLAPAEVSAVCERRNLNVAQGMAWSFYIGYLRLILPGLPARIHSYNQHHNNLLRGAGSHRLYILFPLDCGVPDDLSMVDPNIRFLHELPLQKADRAGIKSRVYTNSVYELLENGRPVGACVLEYATPLQTLFAMSQDSRAGFSREDRLEQAKLFCKTLEDILADAPECQNNCRLVVYQEPAEGGNFSLSQEILRHLKQEEKEEVTVDSARTSVMPDPSMLPQGPELLISSMDQPLPLRTDVF
A0A291NUI4	STING_RHIFE		MPHSSLHPSIPRPRGHRAKKAAFVLLSTCLAALWELGEPADHILRWLVLHLASEQLGLLFKGLCSLAEEIRHVHSRYQGSYWRAFRACLGCPIRCGVLLLLSCYCYTFLPNTAGLPFAWIVALLGLSQALNILLDLQGLAPAVVSTVCEQGNFNVAHGLAWSYYIGYLRLILPGLQARIHTYNQRHNNTVRGTGVHKLYILLPLDCGVPDDLSVADPNIRFLHELPKQSADRAGIKGRVYTNSIYEILENGKPVGTCVLEYATPLQTLFAMSQDSRAGFSREERLEQAKLFCQTLGDILADVPESQYCRLIVYLDAAEGSSFSLSQEILKHLKQEEKEEVTVGTMGSSGVLESSTLDKEPQLLISGMDQPLPLRTDVF
A0A291NUI5	STING_EIDHE		MSHSSLHPSIPWPRGHKAKVAAFVLLIVCLAALWKLGEPSDHLLQWLVLHLASLHLRLLFKRVCCLAEELCHIHPRYQGNYSRAVRACLGCPIRYGAVLLLSCYFYVSLPNTVDLPLTWMLAHLGLSEALNILLGLQSLTPAEISTICEQRNFNVAHGLAWSYYIGYLQLILPGLRARIHTYNQLHSNTLQGVGSHRLYILFPLDCGVLDDLSAADPNIRFLHELPRQSADRAGIKGRVYTNSVYELLEKGKPVGTCVLEYATPLQTLFAMSQDGRAGFSQEDRLEQAKLFCRTLEDILADAPESQKNCRLIVYQEPTEESDFSLSQEILKHLRQEEREEVTMGTAGTFVAPGSSTLHQEPELLISGMDQPLPLRTDIF
A0A2K5EJU6	APOA1_AOTNA		MKAAVLIWLFLMGSQARHFWQQDEPPQSPWDRVKDLATVYVDSVKDSGRDYVSQFETSTLGKQLNLKLLDNWDSLTSTVNKLREQLGPVTQEFWDNLEKETEELRQEMSKDLEEVKAQVQPYLDNFQKNWQEEMNLYSQKLEPLRTELQEGALQKLQDLQEKLSPLAEQVRDRARAHVNTLRTQLAPYSDELRQRLATRLEALKENSGASLAEYHAKASEHLSALGEKAKPALDDLRQGLLPVLESFKVSFLSALEEYTKKLSSQ
A0A2K5QCI5	APOA1_CEBIM		MKAAVLTLAVLFLTGSQARHFWQQDEPPQSPWDRVKDLATVYVDSVKDSGRDYVSQFESSALGKQLNLKLLDNWDSLTSTVNKLREDLGPVTQEFWDNLEKETGWLRQEMSKDLEEVKAKVQPYLDDFQKKWQEEVKLYSQKLEPLRTEFQEGALQKLQDLQEKLSPLAEQVRDRARAHVDTLRTQLAPYSDELRQRLATRLEVLKESGGASLAEYHAKASEHLSALGEKAKPALEDLRQGLLPVLESFKVSFLSALEEYAKKLSSQ
A0A2K5TU92	SIR6_MACFA		MSVNYAAGLSPYADKGKCGLPEIFDPPEELERKVWELARLVWQSSHVVFHTGAGISTASGIPDFRGPHGVWTMEERGLAPKFDTTFESARPTQTHMALVQLERVGLLRFLVSQNVDGLHVRSGFPRDKLAELHGNMFVEECAKCKTQYVRDTVVGTMGLKATGRLCTVAKARGLRACRGELRDTILDWEDSLPDRDLALADEASRNADLSITLGTSLQIRPSGNLPLATKRRGGRLVIVNLQPTKHDRHADLRIHGYVDEVMTRLMKHLGLEIPAWDGPHVLERALPPLPRPPTPKLEPKEESPTRINGSIPAGSCLEPCAQHNGSEPASPKRERPTSPAPNRPPKRVKAEAVPS
A0A2K6TRM6	APOA1_SAIBB		MKAVVLTLAVLFLTGSQARHFWQQDEPPQSPWDRVKDLATVYVDSVKESGKDYVSQFETSALGKQLNLKLLDNWDSLTSTVNKLREQLGPVTQEFWDNLEKETEQLRQEMNKDLEEVKAKVQPYLDDFQKKWQEEMNLYSQKLEPLRTEFQEGAFQKLQDLREKLRPVAEQVRDRARAHVDTLRTQLAPYSDELRQRLATRLEALKESGATLAEYQAKASEHLSALGEKAKPAFEDLRQGLLPVLESFKVSFLSALDEYAKKLSSQ
A0A2R8VJU7	SEP12_MOUSE		MDERRSPSPCSSRPSSPRTPPNEMFGPVGIEAVLDQLRIKAMKTGFEFNIMVVGQSGLGKSTMVNTLFKSKVWQSTEPNLDVPMPQTLELHSVTHVIEEKGLKLKLTVTDTPGFGDQINNDKCWDPILSYINQQYEQYLQEELLITRQRHIPDTRVHCCVYFVPPTGHCLRPLDIEFLRRLCRTVNVVPVIARADSLTIEERDAFRSRIQQNLKTHCIDVYPQKCFDEDVNDRLLNSKIREQIPFAVVGADREHIVNGRCVLGRKTKWGIIEVENMAHCEFLLLRDLLIRSHLQDLKDITHNVHYENYRVLRLNESHVLPRGPGWVNLAPVSPGQLMAPGPGKVRKRANKDTKDEEC
A0A2R8Y7D0	TINCR_HUMAN		MEGLRRGLSRWKRYHIKVHLADEALLLPLTVRPRDTLSDLRAQLVGQGVSSWKRAFYYNARRLDDHQTVRDARLQDGSVLLLVSDPR
A0A2Y9GHM3	APOE_NEOSC		MKVLWAALVVALLAGCWADVEPESPLQGKPEPELEPELEPKRELEQEVEAEAGWQAGQPWELALARFWDYLRWVQTLSDQVQEDMLSNQVTQELTTLMEETMKEIKAYRAELEEQLGPMASETQARVAKELQAAQARLRSDMEDVRTRLTQYRGEVQAMLGQSTEELRARFASHMRKLRKRVLRDAEDLQKRLAVYRAGVREGAERSVSSIRERLWPLLEQARTRHANLATQPLRERVDALGQQLRGRLEEVGSRARSHLDEVREQMEEVQAKMEEQANQMRQQVEAFQARLKSWFEPLVEDMQRQWAGLVEKVQVAVGTSPTTPPLETK
A0A383ZFX3	ASAH1_BALAS	"CARBOHYD 173; /note=""N-linked (GlcNAc...) asparagine""; /evidence=""ECO:0000269|PubMed:29692406, ECO:0007744|PDB:5U84""; CARBOHYD 259; /note=""N-linked (GlcNAc...) asparagine""; /evidence=""ECO:0000269|PubMed:29692406, ECO:0007744|PDB:5U84""; CARBOHYD 342; /note=""N-linked (GlcNAc...) asparagine""; /evidence=""ECO:0000255""; CARBOHYD 348; /note=""N-linked (GlcNAc...) asparagine""; /evidence=""ECO:0000255"""	MLGRSRLTFVLLSVTVTCSVAQHVPPWTEDCRKSTYPPSGPTYRGPVPWYTINLDLPPYKRWHELMVDKAPALKVIVNYLKNMINAFEPSGKIVQLVDQKLPGLLGSFPGPFEEEMKGIAAVTEIPLGEIILFNIFYEFFTICTSIITEDKEGHLLHARNMDFGVFLGWNVNNNTWVVTEELKPLTVNLDFQRNSKTVFKAAGFAGYVGMLTGFKPGLFSLTLNERFSTNGGFMGVIEWILGKKDAKWIGFIIRSVLENSTSYEEAKTILTKSKILAPAYFILGGSKSGEGCVITRDRVQSLDIYELDPKQGIWYVVQTNYDRWKNPFFLDNRRTPAKMCLNRTTQENISFATMYDVLSTKPVLNKLTVYTALIDVTKGQFETYLRDCPDPCIGW
A0A3L7I2I8	PLPL9_CRIGR		MQFFGRLVNTLSSVTNLFSNPFRVKEISVADYTSHERVREEGQLILFQNASNRTWDCILVSPRNPHSGFRLFQLESEADALVNFQQFSSQLPPFYESSVQVLHVEVLQHLSDLIRSHPSWTVTHLAVELGIRECFHHSRIISCANSTENEEGCTPLHLACRKGDSEILVELVQYCHAQMDVTDNKGETAFHYAVQGDNSQVLQLLGKNASAGLNQVNKQGLTPLHLACQMGKQEMVRVLLLCNARCNVMGPSGFPIHTAMKFSQKGCAEMIISMDSSQIHSKDPRYGASPLHWAKNAEMARMLLKRGCDVDSTSAAGNTALHVAVMRNRFDCVMVLLTYGANAGTPGEHGNTPLHLAISKDNMEMIKALIVFGAEVDTPNDFGETPAFMASKISKLITRKALLSLLRTVGADHRFPLIQGVPTDQSSAATPHPIFSLDKTQPPAISLNNLELQDLMPISRARKPAFILSSMRDEKRIHDHLLCLDGGGVKGLVIIQLLIAIEKASGVATKDLFDWVAGTSTGGILALAILHSKSMAYMRGVYFRMKDEVFRGSRPYESGPLEEFLKREFGEHTKMTDVKKPKVMLTGTLSDRQPAELHLFRNYDAPEVIREPRFNQNINLKPPTQPADQLVWRAARSSGAAPTYFRPNGRFLDGGLLANNPTLDAMTEIHEYNQDMIRKGQGNKVKKLSIVVSLGTGRSPQVPVTCVDVFRPSNPWELAKTVFGAKELGKMVVDCCTDPDGRAVDRARAWSEMVGIQYFRLNPQLGSDIMLDEVNDAVLVNALWETEVYIYEHREEFQKLVQMLLSP
A0A452E9Y6	PERL_CAPHI	"CARBOHYD 106; /note=""N-linked (GlcNAc...) (complex) asparagine; alternate""; /evidence=""ECO:0000255|PROSITE-ProRule:PRU00498, ECO:0000269|PubMed:30296068""; CARBOHYD 106; /note=""N-linked (GlcNAc...) (hybrid) asparagine; alternate""; /evidence=""ECO:0000255|PROSITE-ProRule:PRU00498, ECO:0000269|PubMed:30296068""; CARBOHYD 212; /note=""N-linked (GlcNAc...) (complex) asparagine; alternate""; /evidence=""ECO:0000255|PROSITE-ProRule:PRU00498, ECO:0000269|PubMed:18191143, ECO:0000269|PubMed:27398304, ECO:0000269|PubMed:30296068, ECO:0000269|Ref.11, ECO:0000269|Ref.5, ECO:0000269|Ref.6, ECO:0000269|Ref.7, ECO:0007744|PDB:2E9E, ECO:0007744|PDB:2EFB, ECO:0007744|PDB:2EHA, ECO:0007744|PDB:2OJV, ECO:0007744|PDB:2R5L, ECO:0007744|PDB:3N8F, ECO:0007744|PDB:3NAK, ECO:0007744|PDB:3NIU, ECO:0007744|PDB:3R55, ECO:0007744|PDB:3RKE, ECO:0007744|PDB:3SXV, ECO:0007744|PDB:4MSF, ECO:0007744|PDB:4OEK, ECO:0007744|PDB:4QJQ, ECO:0007744|PDB:5FF1, ECO:0007744|PDB:5HPW, ECO:0007744|PDB:6LF7, ECO:0007744|PDB:8ING""; CARBOHYD 212; /note=""N-linked (GlcNAc...) (hybrid) asparagine; alternate""; /evidence=""ECO:0000255|PROSITE-ProRule:PRU00498, ECO:0000269|PubMed:18191143, ECO:0000269|PubMed:27398304, ECO:0000269|PubMed:30296068, ECO:0000269|Ref.11, ECO:0000269|Ref.5, ECO:0000269|Ref.6, ECO:0000269|Ref.7, ECO:0007744|PDB:2E9E, ECO:0007744|PDB:2EFB, ECO:0007744|PDB:2EHA, ECO:0007744|PDB:2OJV, ECO:0007744|PDB:2R5L, ECO:0007744|PDB:3N8F, ECO:0007744|PDB:3NAK, ECO:0007744|PDB:3NIU, ECO:0007744|PDB:3R55, ECO:0007744|PDB:3RKE, ECO:0007744|PDB:3SXV, ECO:0007744|PDB:4MSF, ECO:0007744|PDB:4OEK, ECO:0007744|PDB:4QJQ, ECO:0007744|PDB:5FF1, ECO:0007744|PDB:5HPW, ECO:0007744|PDB:6LF7, ECO:0007744|PDB:8ING""; CARBOHYD 322; /note=""N-linked (GlcNAc...) (high mannose) asparagine""; /evidence=""ECO:0000255|PROSITE-ProRule:PRU00498, ECO:0000269|PubMed:18191143, ECO:0000269|PubMed:27398304, ECO:0000269|PubMed:30296068, ECO:0000269|Ref.11, ECO:0000269|Ref.5, ECO:0000269|Ref.6, ECO:0000269|Ref.7, ECO:0007744|PDB:2E9E, ECO:0007744|PDB:2EFB, ECO:0007744|PDB:2EHA, ECO:0007744|PDB:2OJV, ECO:0007744|PDB:2R5L, ECO:0007744|PDB:3N8F, ECO:0007744|PDB:3NAK, ECO:0007744|PDB:3NIU, ECO:0007744|PDB:3QF1, ECO:0007744|PDB:3R55, ECO:0007744|PDB:3RKE, ECO:0007744|PDB:3SXV, ECO:0007744|PDB:4MSF, ECO:0007744|PDB:4OEK, ECO:0007744|PDB:4QJQ, ECO:0007744|PDB:5FF1, ECO:0007744|PDB:5HPW, ECO:0007744|PDB:6LF7, ECO:0007744|PDB:8ING""; CARBOHYD 358; /note=""N-linked (GlcNAc...) asparagine""; /evidence=""ECO:0000255|PROSITE-ProRule:PRU00498, ECO:0000269|PubMed:18191143, ECO:0000269|PubMed:27398304, ECO:0000269|Ref.11, ECO:0000269|Ref.5, ECO:0000269|Ref.6, ECO:0000269|Ref.7, ECO:0007744|PDB:2E9E, ECO:0007744|PDB:2EFB, ECO:0007744|PDB:2EHA, ECO:0007744|PDB:2OJV, ECO:0007744|PDB:2R5L, ECO:0007744|PDB:3N8F, ECO:0007744|PDB:3NAK, ECO:0007744|PDB:3NIU, ECO:0007744|PDB:3QF1, ECO:0007744|PDB:3R55, ECO:0007744|PDB:3RKE, ECO:0007744|PDB:3SXV, ECO:0007744|PDB:4MSF, ECO:0007744|PDB:4OEK, ECO:0007744|PDB:4QJQ, ECO:0007744|PDB:5FF1, ECO:0007744|PDB:5HPW, ECO:0007744|PDB:6LF7, ECO:0007744|PDB:8ING""; CARBOHYD 449; /note=""N-linked (GlcNAc...) (complex) asparagine; alternate""; /evidence=""ECO:0000255|PROSITE-ProRule:PRU00498, ECO:0000269|PubMed:18191143, ECO:0000269|PubMed:27398304, ECO:0000269|PubMed:30296068, ECO:0000269|Ref.11, ECO:0000269|Ref.5, ECO:0000269|Ref.6, ECO:0000269|Ref.7, ECO:0007744|PDB:2E9E, ECO:0007744|PDB:2EFB, ECO:0007744|PDB:2EHA, ECO:0007744|PDB:2OJV, ECO:0007744|PDB:2R5L, ECO:0007744|PDB:3N8F, ECO:0007744|PDB:3NAK, ECO:0007744|PDB:3NIU, ECO:0007744|PDB:3QF1, ECO:0007744|PDB:3R55, ECO:0007744|PDB:3RKE, ECO:0007744|PDB:3SXV, ECO:0007744|PDB:4MSF, ECO:0007744|PDB:4OEK, ECO:0007744|PDB:4QJQ, ECO:0007744|PDB:5FF1, ECO:0007744|PDB:5HPW, ECO:0007744|PDB:6LF7, ECO:0007744|PDB:8ING""; CARBOHYD 449; /note=""N-linked (GlcNAc...) (high mannose) asparagine; alternate""; /evidence=""ECO:0000255|PROSITE-ProRule:PRU00498, ECO:0000269|PubMed:18191143, ECO:0000269|PubMed:27398304, ECO:0000269|PubMed:30296068, ECO:0000269|Ref.11, ECO:0000269|Ref.5, ECO:0000269|Ref.6, ECO:0000269|Ref.7, ECO:0007744|PDB:2E9E, ECO:0007744|PDB:2EFB, ECO:0007744|PDB:2EHA, ECO:0007744|PDB:2OJV, ECO:0007744|PDB:2R5L, ECO:0007744|PDB:3N8F, ECO:0007744|PDB:3NAK, ECO:0007744|PDB:3NIU, ECO:0007744|PDB:3QF1, ECO:0007744|PDB:3R55, ECO:0007744|PDB:3RKE, ECO:0007744|PDB:3SXV, ECO:0007744|PDB:4MSF, ECO:0007744|PDB:4OEK, ECO:0007744|PDB:4QJQ, ECO:0007744|PDB:5FF1, ECO:0007744|PDB:5HPW, ECO:0007744|PDB:6LF7, ECO:0007744|PDB:8ING""; CARBOHYD 449; /note=""N-linked (GlcNAc...) (hybrid) asparagine; alternate""; /evidence=""ECO:0000255|PROSITE-ProRule:PRU00498, ECO:0000269|PubMed:18191143, ECO:0000269|PubMed:27398304, ECO:0000269|PubMed:30296068, ECO:0000269|Ref.11, ECO:0000269|Ref.5, ECO:0000269|Ref.6, ECO:0000269|Ref.7, ECO:0007744|PDB:2E9E, ECO:0007744|PDB:2EFB, ECO:0007744|PDB:2EHA, ECO:0007744|PDB:2OJV, ECO:0007744|PDB:2R5L, ECO:0007744|PDB:3N8F, ECO:0007744|PDB:3NAK, ECO:0007744|PDB:3NIU, ECO:0007744|PDB:3QF1, ECO:0007744|PDB:3R55, ECO:0007744|PDB:3RKE, ECO:0007744|PDB:3SXV, ECO:0007744|PDB:4MSF, ECO:0007744|PDB:4OEK, ECO:0007744|PDB:4QJQ, ECO:0007744|PDB:5FF1, ECO:0007744|PDB:5HPW, ECO:0007744|PDB:6LF7, ECO:0007744|PDB:8ING"""	MLVCLHLQVFLASVALFEVAASDTIAQAASTTTISDAVSKVKTQVNKAFLDSRTRLKTALSSEAPTTRQLSEYFKHAKGRTRTAIRNGQVWEESLKRLRRDTTLTNVTDPSLDLTALSWEVGCGAPVPLVKCDENSPYRTITGDCNNRRSPALGAANRALARWLPAEYEDGLAVPFGWTQRKTRNGFRVPLAREVSNKIVGYLDEEGVLDQNRSLLFMQWGQIVDHDLDFAPETELGSSEHSKVQCEEYCIQGDNCFPIMFPKNDPKLKTQGKCMPFFRAGFVCPTPPYQSLARDQINAVTSFLDASLVYGSEPSLASRLRNLSSPLGLMAVNQEAWDHGLAYPPFNNVKPSPCEFINTTAHVPCFQAGDSRASEQILLATVHTLLLREHNRLARELKRLNPHWDGEMLYQEARKILGAFIQIITFRDYLPIVLGSEMQKWIPPYQGYNNSVDPRISNVFTFAFRFGHMEVPSTVSRLDENYQPWGPEAELPLHTLFFNTWRIIKDGGIDPLVRGLLAKKSKLMNQNKMVTSELRNKLFQPTHKIHGFDLAAINLQRCRDHGMPGYNSWRGFCGLSQPKTLKGLQAVLKNKILAKKLLDLYKTPDNIDIWIGGNAEPMVERGRVGPLLACLLGRQFQQIRDGDRFWWENPGVFTEKQRDSLQKVSFSRLICDNTHVTKVPLHAFQANNYPHDFVDCSAVDKLDLSPWASREN
A0A452G813	TM63A_CAPHI		MTDSPFLELWQSRTVAIRERLGIGDQPNDSYCYNSAKNSTVLQGVTFGGIPTVLFIDVSCFLFLIVVFSIIRRKFWDYGRIALVSEGNSESRFRRLSSSSSGQQDFESELGCCSWLTAIFRLHDDQILEWCGEDAIHYLSFQRHIIFLLVVVSCLSLCIILPVNLSGDLLDKDPYSFGRTTIANLQTDNNLLWLHTIFAILYLILTVVFMRHHTQSIKYKEESLVRRTLFVTGLPKDAKKETVESHFRDAYPTCEVVEVQLCYNVAKLIYLCKERKKTEKSLTYYTNLQVKTGQRTFINPKPCGQFCCCEVRGCEWEDAISYYTRMKDRLMERITEEECRVQDQPLGMAFVTFQEKSMATYILKDFNACKCQGLQCKGEPQPSSHSRELGISRWSVTFAAYPEDICWKNLSIQGFRWWFQWLGINFILFVGLFFLTTPSIILSTMDKFNVTKPIHALNDPIISQFFPTLLLWSFSALLPTIVCYSTLLESHWTKSGENRIMMTKVYIFLIFMVLILPSLGLTSLDFFFRWLFDKTSSEASIRLECVFLPDQGAFFVNYVIASAFIGNGMELLRLPGLILYTFRMVMAKTAADRRNVKQHQAFEYEFGAMYAWMLCVFTVIMAYSITCPIIVPFGLIYILLKHMVDRHNLYFAYLPAKLEKRIHFAAVNQALAAPILCLFWLYFFSFLRLGLKAPLTLFTFLVLLLTILVCLAYTCFGCFRHLSPLNYKTEESANDKGNEAGAHVPPPFTPYVPRILNSSSSEKTALSPQQQTYGAINNISGTVAGQGLAQSPEDSVAAADQED
A0A494BA31	B3A4_MOUSE	"CARBOHYD 546; /note=""N-linked (GlcNAc...) asparagine""; /evidence=""ECO:0000255""; CARBOHYD 569; /note=""N-linked (GlcNAc...) asparagine""; /evidence=""ECO:0000255""; CARBOHYD 920; /note=""N-linked (GlcNAc...) asparagine""; /evidence=""ECO:0000255""; CARBOHYD 931; /note=""N-linked (GlcNAc...) asparagine""; /evidence=""ECO:0000255""; CARBOHYD 948; /note=""N-linked (GlcNAc...) asparagine""; /evidence=""ECO:0000255"""	MKLPGQGDFESSDAHENAHSEEPDSGLGPGPGLNGPSGIDIGESQVSKDPLLFIQLNELLGWPQALEWRETGRWLLFEEKLDMGAGRWSAPHVPTLELPSLQKLRSLLAEGIVLLDCQAQSLLELVEQVVSGESLSPELRGQLQALLLQRPQHHIQTMGIRPCRESNAFRKASRDEDAPLKHQNPLRQKLPAGAEAAAVLAGELGFLEQPLGAFVRLRNPIVLEPLTEMILPSRFFCLLLGPPTLGRSYHEMGRAAAVLLSDPQFQWSVRRASHLPDLLAALDAFLQEVTALPPGRWDRTARIPPPKYLPSQHKRFPSKLQEVTSLSRQSAALAEDKHHHGPHTPIPELQRTGRLFGGLIQDVRRKACWYTSDFLDALHPQCFSAVFYIYLATVTNAITFGGLLGDATEGAQGVLESFLGTAVAGAAFCLMAGQPLTILSSTGPVLVFERLLFSFSRDYSLDYLPFRLWVGIWVTAFCLALVATEASLLVRYFTRFTEEGFCALISLIFIYDAMGKMLNLIRAYPIQRPGSSAYGCFCQYPGTGGNTSEWTSAKLKDTEDILSVPGLVNASFLPPPECIRQGGHPLGPSCHTVPDIAFFSLLLFFTSFLCAIALKHIKNSRFFPSVVRKVLGDFSSVLAILLGCGLDTFLGLATPKLLVPTEFKPTLSGRGWLVSPFGANPWWLSVAAALPALLLSILIFMDQQITAVILNRAEYRLQKGAGFHLDLFCVAVLMLFTSALGLPWYVSATVISLAHIDSLRRESKACIPGEAPNFLGIREQRLTGLVVFVLTGVSIFLAPVLKFIPMPVLYGIFLYMGVAALSSIQFVKRVQLLLMPRKHQPDMLLLRHVPLSRVHLFTAIQLACLGLLWVVKSTPAAIVFPLMLLGLVAIRKALEWVFSPQELLWLDELMPEEEETIPENRSEPEHLFSGNDSEDSELMYQPKAPEINISVN
A0A4X1UM84	PCKGC_PIG		MPPQLSNGLNHSAKVVRGTLDSLPQAVRDFVESSAKLCQPDQIHICDGSEEENQQLLSHMEEEGVIKRLKKYDNCWLALTDPRDVARIESKTVIITQEQRDAVPIPRSGLSQLGRWMSPEDFEKAFNARFPGCMKGRTMYVIPFSMGPLGSPLSKIGIELTDSPYVVASMRIMTRMGSAVLDALGAGEFIKGLHSVGCPLPLKKPLVNNWACNPELTLIAHLPDRREIISFGSGYGGNSLLGKKCFALRMASRLAKEEGWLAEHMLILGVTNPEGQKKYFAAAFPSACGKTNLAMMNPTLPGWKVECVGDDIAWMKFDQQGNLRAINPENGFFGVAPGTSVKTNPNAIKTIQSNTIFTNVAETSDGGVYWEGIDQPLAPGIKLTSWKGTEWDPKDGEPCAHPNSRFCTPASQCPIIDPAWEAPEGVPIEGIIFGGRRPAGVPLVYEALSWQHGVFVGAAMRSEATAAAEHKGKVIMHDPFAMRPFFGYNFGKYLAHWLSMAQHPAAKLPKIFHVNWFRKDKDGRFLWPGFGENCRVLAWMFDRVQGKGGARLTPIGYVPEEAALDLRGLEAIRVSELFQVSKEFWEEEADEIHKYLEEQVNADLPYEIQSEVLALKQRISQM
A0A4Z3	A3LT2_RAT	"CARBOHYD 57; /note=""N-linked (GlcNAc...) asparagine""; /evidence=""ECO:0000255""; CARBOHYD 99; /note=""N-linked (GlcNAc...) asparagine""; /evidence=""ECO:0000255"""	MALEGLRAKKRLLWRLFLSAFGLLGLYHYWFKIFRLFEVFIPMGICPMAIMPLLKDNFTGVLRHWARPEVLTCTSWGAPIIWDETFDPHVAEREARRQNLTIGLTVFAVGRYLEKYLEHFLVSAEQYFMVGQNVVYYVFTDRPEAVPHVALGQGRLLRVKPVRREKRWQDVSMARMLTLHEALGGQLGREADYVFCLDVDQYFSGNFGPEVLADLVAQLHAWHFRWPRWMLPYERDKRSAAALSLSEGDFYYHAAVFGGSVAALLKLTAHCATGQQLDREHGIEARWHDESHLNKFFWLSKPTKLLSPEFCWAEEIGWRPEIHHPRLIWAPKEYALVRT
A0A571BEE2	CYLC2_MOUSE		MSIPRFLKVTYGAYDNYIPVSELSKKSWNQQYFSLAFPKPPRPGKKRRSLPSQLQNNTAPVIDEEKLGVHRPPLWMHRSLMRISERPSVYLAARKGLIPKPLHFGKGESKSVGTHKSLASEKTKKEVKMKKDGFEAKEKTALKTDKEGSPKPAKKNIPRDSQKDKGRVSSDSEGEKAGVKKGSKKVKNTPKGKDSASESEGEKAGSKKEAKTTKKGSKDKVSATESGGEKAGSKKEAKATKKGSKDKVSGTESGGEKAGSKKEAKTTKKESKDKVSATESGGEKAGSKKEAKDDKKDATSSQETLLSTAADKDGKKKEEKPVKQSSKSKDTVKDSASEKGDEKKEDKKEGKKEKKKKDGEGKEGGKKEKKDKKDKKDKKDKKDKKDKKDKKEKDKKDKKDKKDKKDKKDKKDKKDKKDKKAK
A0A5F8MPU3	CTSRT_MOUSE		MELPPPGNRRVSINNPQETSGRVPTTSAGFPTQSSKISLKRSTYAYRPSMMSNRSSGGQSLLPSSILQKTSLNPPGSLQSKPSNLSSVHYADEEGKPLTDKNKDKDKGRGKGKGTGTRLLTMLRKTLQGSQSDEMAIANQTPNLIPFGDVVGCLAIHIKSCRQFSQRFLGQQRFNLFMRVSINNIVKCTKIRHLKAVNNEKNLVLRFGEMKYFSVQVPRRQDDERNFIYLELMHDGGDPESPPIPLGGAESHLYEVIQKGCFTEVMHLMHKNSSICRVEVEFMFSYGNFGYGFSHQLKPLQKAIEPSMFMNIAPPPERTDPVTNVITPQRVEYPAFLSPEFNVSIGVPEASHATVVQLEKLREKPRERLERMKEEYKNMSTWIEKADYLRNLINPKMTKRDNKGSSIPSESNSSALEELERTTYDIHHRKYEAISNEYGDKEGRVIPVLKVLDQNYSEVFLPKSSDSTPLEDVLLPPIHSLQIVEENEMPHLPKTSEPEDRPHEERKSIVFSSDEELMPKHPSILKISSSQQENRRKMEKSPHFSDVLIIPDKPFEDLNTNKKGRPPIELRKSWERHPTDVACSLRKVAFAQKDYTIPVCKAETTEFKPKHQFQKLSKSGLDPFLRNINSKMSFRKKKDHDDGYRNLSTSSAEILEHEDQDPPYPGHSGSAGSDATWAENPSPVTVQMVNRDSLPPDLITATIVISDRKNKLSLDSVFNSANSLNTKSIFASDNPVVSLTKLSDSDNKLITDSSFNTTKPSNRRLSKDSNFNTTKPSDRKLSSDPSSNTTKPSDTKLFSDPSSNKLSQGPSSNASQLSGSNRLSHNPSINGNKSSYTSDLNKVSRDPSIVSTISSDPNKLSRDPSFVLAKSSDPNKLSHYPSIISAKSSDPNKLSHDPSFVSARSSDPNKLSHDPSIISARSSDPIKLSRDPSFVSARSSDPNKLSHDPSIISARSSDPNKLSRDPSINSTKLSDPSKLSRDPSIFSTKSSDPNKLYRVPSIISGMSSNPKLSRDPSIISGMSSDPKLSRDPSIISAKSSDPNKLSHDPSIISGMSSNPNKLSHDPSIISMKLSDMSKLSRESSINASKSSDTNQLSYDPNIISAKSLDSNNSSASSSPTVNSDTTTNAAEPSGTKNMLDPVVSTIDSSDKQSKLEWLPNVQGASSVTENINTHRSSNSVNFTSDIDILKQSIVLKSILSKNLQDLSDELFSKSELYTNDEGYSPPPSVHSRPSDSTDDRVLGKVQDLNSWRSSKDLLNSQVLLSPVVKNSPQDLLPEGEPGKSSDIEDYVSEKLLEAAGRNFPMNRKSSFKKKHLVSEESSSEHVLSGSIYEYVIKQIFTAPIFSQLGIGIKSSSEARMDSQNQLLTPWERSVTSHIINYEEKDSDVNLSQSKSIISQIIQSFPVNTLLESGVIKVIELDKEHQNSLLDSQTTSSTEQYSDSRSQIKLLSRQNTSSINPLDSSVSGAEYTEDCQSISTQESKYPVRDTKSDSPNDTEEMELDSNLESSSSSLDKVKDTDTAKLKNILKNIFSIFFKYNQSERRQQPEKDSESLIKHSSSSGSEHLEKTQENFNKADKKVDRKPILNPKLRMFLEKLSETEVKNLKSELSKHIQHYLVERLTESGHITKEDLPTIYHKLYLMNEKVELKEQTPFQEKYSETVKEIMSFVNNFNHHFIDKHLETKLRGFLSEILQNYFLKNLSVSNLFNETDAMALHASMSPVRSKSELGQDIADGNFGSSLKINMQYPVTKSLQHYLQDLSENELLSLKTDLSKYLQVLFIEKLYKSGLVSERQLKGISQEIISLHSPSIPLKHIKTNLPFRNESYFMREDSEEQMKYLKNGQNAALHVLLKDKCGETELSRKKERESSFSQILKENLPAIWEQKNIYTREEETLNLIQMQSFLNKNNQANPLTRSPERPSDISLKKQKKDHGFMQFTQVEGSVYKTEIQDPYSWDSRSKTIQSKPCLEKTLKMKLLDKRENNNFYKLTAQEKLDTEFSSYLKLPNCKIPKEKEPISRLSFPTWKTNTFIHVKPEIGEQSKLDHYYQRLKGNNNNNKKHLVTFAQFKNEMETLYRNPYEACNEKRAKISESQSFKYKEKEKSSRPFFFPEVLKRENTKSKRKERDHATKPKKSFHKIVRLLPATLPTTRPHLRKSAPRNLLHWTARRTIHDCLDRFDDLHAPTVKCPKKSKSGARLLGKSPEDSHNQAKHCARPYTAPEPNKRRESAAWKFASPRMVSAGLLHLYVTPAYGIRKVRSKRKLKEDIEKRPLISEIIQMLDNAE
A0A5K7RLP0	MEIOS_MOUSE		MLGSDKFSCFSDQHRARSPSPTDRKDKKNHTNKLRELALLIPVTMKTRDKKYTKKEILLRVLHYIQYLQRNIDMTKALLKLHSSNGKGRFVGPGLNPSAGQTQQQHSTPSSSQKPSLWSTSSKPRKKKFTRVSEHPSWPYNPRRSLALDQAENPNTIHPGLKEENEECATYPGVLSPSTYPTTEPSVSEGDGQGAQLVFLDMAQNIFAYDILSDHAVEVQGGEPNADIKVQRSFFLTRAQPCVSSCRQKLFLCTSSEADKEAPDSDPWLPVWTSEDSPNGSPLALGSSQINTWHVADYLNEILGVSSSLFSSPSKILPDHVLEDGTYFLTEGLLESSPATCEVESPQEKEVSSEGPTGPPNFQSSVSLDHCYLSLSENVKVLSNCGSSSESTDTESLWGQEEVRGVATYPRRTGVFSLAQPSVLQQANPEGLQTSSDEDRDYTWTPTGQSSGLPVASKKIKKVQASQGPVKPKDSRKACPGQVKKKCVNGFIMFCRMNRKQYIRACPGTASTAATKDLAQLWRGMTLEEKKPYCTKARRFSRQNNRIVKQENSSSEDDDGETPKPFYQLLAEKAQVSLGLTSLPTPNCQ
A0A6J2ATK2	AMPQ_ACIJB	"CARBOHYD 133; /note=""N-linked (GlcNAc...) asparagine""; /evidence=""ECO:0000255""; CARBOHYD 262; /note=""N-linked (GlcNAc...) asparagine""; /evidence=""ECO:0000255""; CARBOHYD 289; /note=""N-linked (GlcNAc...) asparagine""; /evidence=""ECO:0000255""; CARBOHYD 347; /note=""N-linked (GlcNAc...) asparagine""; /evidence=""ECO:0000255""; CARBOHYD 361; /note=""N-linked (GlcNAc...) asparagine""; /evidence=""ECO:0000255""; CARBOHYD 489; /note=""N-linked (GlcNAc...) asparagine""; /evidence=""ECO:0000255""; CARBOHYD 584; /note=""N-linked (GlcNAc...) asparagine""; /evidence=""ECO:0000255""; CARBOHYD 602; /note=""N-linked (GlcNAc...) asparagine""; /evidence=""ECO:0000255""; CARBOHYD 609; /note=""N-linked (GlcNAc...) asparagine""; /evidence=""ECO:0000255""; CARBOHYD 655; /note=""N-linked (GlcNAc...) asparagine""; /evidence=""ECO:0000255""; CARBOHYD 811; /note=""N-linked (GlcNAc...) asparagine""; /evidence=""ECO:0000255""; CARBOHYD 850; /note=""N-linked (GlcNAc...) asparagine""; /evidence=""ECO:0000255""; CARBOHYD 889; /note=""N-linked (GlcNAc...) asparagine""; /evidence=""ECO:0000255"""	MGPPSSSGFYVSRAVALLLAALAAALLLALAVLAALYGRCARVQPSDLHHGGVPDAASSPRGTQEEQLPTWPPRPTREPAGTATPGHWRPPGPWDQLRLPPWLVPLHYELELWPRLRPNEFQSPTLSFTGRVNITVRCTAATARLLLHSLFLDCESAEVRGPLSSGPRDGAVGRVPVDDVWFAFDMQYMVLELGATLQPGSRYELQLSFSGLVYRDLREGLFFSIYTDQGERRALLASQMEPTFARSVFPCFDEPALKATFNITIIHHPSYGALSNMPKLGQSEKRDVNGSVWTITTFSTTPHMPTYLVALAICDYDHVSRTERGQEIRIWARKDAIANGNAAFALNITGPIFSFLEDLFNISYPLPKTDIIALPTFDNSAMENWGLLIFDESLLLMQPNDQVTDKKAVISFILSHEIGHQWFGNLVTMNWWNDIWLKEGFASYFEFGVINYFNPKFRRNEVFFSNILHHVLSEDHALVSRAVSLKVENFTETSEINELFDLFTYNKGASLARMLSSFLNENVFISALKSYLKTFSYSTAEQDDLWRHFQMVVDDQSKILLPAPVKSIMDRWTHQSGFPVITLNVSTGAMKQEPFYLGKVKNQTLLTHNDTWIVPILWIKNGITQSLVWLDKSSKIFPEMQVSDSDHDWVILNLNMTGYYRVNYDKVGWKKLKQQLEKDPKAIPVIHRLQMIDDAFSLSKNNYVEIETALDLTKYLAEEDEIIVWYAVLVNLVTKDLVFDVNNYDMYPLLKKYLLKRLISIWNMYSTVIRENVAALQDDYLALVALEKLFETACWLGLEDCLQLSRELFKNWTNHPENEIPYPIKSVVLCYGVAFGSDEEWDFLLNMYSNKTKEEERIQLTYAMSCSKDPWILHRYLEYAVTAAPFTFNETNIMEVVAESEVGRYIVKDFLINNWQAVSERYGTQSLVNLMYIIGRTISTDLQITELQQFFSNMLEEHQKLTVRAKLQTIKNKNLGNKKLNARMTAWLRKNT
A0A6N3IN21	SDSL_RAT		MEGASAECVRAEPFHRVTPLLESWALSQVAGMPVFLKYENVQIAGSFKIRGIGHFCQQMAKRGCRHLVCSSGGNAGIAAAYSAQKLGIPVTIVLPESTSKQVVRRLEGEGAEVQLTGKVWDEANVRAQELATRDGWVNVSPFDHPLIWEGNASLVRELKESLRTPPGAVVLAVGGGGLLAGVVAGLLEVGWQHVPIVAMETRGAHSFNAALLAGRLVTLPDITSVARSLGAKTVAARTLECAKECEVLSEVVEDREAVRAVQRFLDDERMLVEPACGAALAAVYSGILGRLQTEGRLSPALDSVVVIVCGGNNISSQQLQELKTQLNCS
A0A6P3HVI0	SL9B2_BISBB		MRNQDKRAAHKDSEPSTEVNHTASSYQGRQQETGMNLRGIDGNEPTEGSNLLNNNEKMQGTPAEPNHLQRRRQIHACPPRGLLARVITNVTMVILLWAVVWSVTGSECLPGGNLFGIIMLFYCAIIGGKLFGLIKLPTLPPLPPLLGMLLAGFLIRNVPVISDNIQIKHKWSSALRSIALSVILVRAGLGLDSNALKKLKGVCVRLSLGPCLIEACTSAVLAYFLMGLPWQWGFMLGFVLGAVSPAVVVPSMLLLQEGGYGVEKGIPTLLMAAGSFDDILAITGFNTCLGMAFSTGSTVFNVLKGVLEVIIGVVTGLVLGFFIQYFPSSDQDNLVWKRAFLVLGLSVLAVFSSTYFGFPGSGGLCTLVTAFLAGRGWASTKTDVEKVIAVAWDIFQPLLFGLIGAEVLITALRPETIGLCVATLGIAVLIRILVTYLMVCFAGFNIKEKIFISFAWLPKATVQAAIGSVALDTARSHGEKQLEGYGMDVLTVAFLSIIITAPVGSLLIGLLGPRLLQKAEQNKDEEDQGETSIQV
A0A6P6DKR7	APOE_OCTDE		MKVLCTVLVVTLLAGCRADVEPEPEVLEPAVWKSGQPWELALGRFWDYVRWVQTLSDQVQEELLSSQVTQELTVLMEDTMKAVKAYKSELEQELVPMAEDTKARLSKELQAAQARLGADMEEVRNRLAQYRNEMQAMLGQSADELRARLASHLRKLRKRMLRDAEDLQKRLAVYKDGASEGAERGVSAIRERLGSLVEQSRVRAALTGQPLQERAQAWGKQLRGRLEEVRGQAQDRLEEMREQMEEVRVKIEEQAEAFQTRLKGWFEPMVEDMRRQWADLIEKVQAAVGASTPVPSQKP
A0A6P7EFR0	VDAC1_SHEEP		MAVPPTYADLGKSARDVFTKGYGFGLIKLDLKTKSENGLEFTSSGSANTETTKVTGSLETKYRWTEYGLTFTEKWNTDNTLGTEITVEDQLARGLKLTFDSSFSPNTGKKNAKIKTGYKREHINLGCDVDFDIAGPSIRGALVLGYEGWLAGYQMNFETAKSRVTQSNFAVGYKTDEFQLHTNVNDGTEFGGSIYQKVNKKLETAVNLAWTAGNSNTRFGIAAKYQIDPDACFSAKVNNSSLIGLGYTQTLKPGIKLTLSALLDGKNVNAGGHKLGLGLEFQA
A0A7N9VSG0	AFG2B_MOUSE		MAPDSGPFPDGQLLKLLPVDPRDRDTQRCRLGPAAFRSLGARLGSPLRISLPAGGCCLCTAWPRRDRVDGFVQLDPQCASPGARVATGRIGMDCLQPVPCPPLRRLEVWPVLRPQAGAPSSAAVLEVVHELLRNRPVSRGHVVTTPPGVPGPVAALHVMGGTPDPEPGGWVTPHTRITLSDKPPPQVEPPGEVTLGGLSETADSLRELLRLPLRYPLALAALGLAVPRGVLLAGPPGVGKTQLVRAVARETGAELLAVSAPALQGSRPGETEENVRRIFQRAQELASRGPSLLFLDEVDALCPRRGGPHRAPESRVVAQVLTLLDGIHRDREFVVVGATNRPDELDPALRRPGRFDREVVIGTPTLKQREAILQVITSKMPISSHIDLGLLAEMTVGYVGADLTALCREAAMCALLKNEKNQDSPKIEETDFLEAFKKIQPSSFRSSTGLMDIKPVGWEQIGGLEDVKLKLKQCVEWPLKFPQEFARMGLTQPKGLLLYGPPGCAKTTLVRALATGCHCSFVSVCGADLFSPFVGDSEKVLSQVFRQARANTPALVFLDEIDSVLGSRSVGTSGCDARERVLSVLLNELDGVGVRTVERRGSKASQQECQEILSRSVMIVVATNRPDVLDDALLRPGRLDKIIYVPPPDQEGRLSILKVCTNNMPVGPDVSLENLAAETCFFSGADLRNLCKEAALFALQENGLEATTVRQEHFTEALKTVKPSLTLKELTFYENLFKKGLSNLEDD
A0A8C0N8E3	VIME_CANLF	"CARBOHYD 7; /note=""O-linked (GlcNAc) serine; alternate""; /evidence=""ECO:0000250|UniProtKB:P08670""; CARBOHYD 33; /note=""O-linked (GlcNAc) threonine""; /evidence=""ECO:0000250|UniProtKB:P08670""; CARBOHYD 34; /note=""O-linked (GlcNAc) serine; alternate""; /evidence=""ECO:0000250|UniProtKB:P08670"""	MSTRSVSSSSYRRMFGGPGTGSRPSSTRSYVTTSTRTYSLGSALRPSTSRSLYASSPGGAYATRSSAVRLRSSVPGVRLLQDSVDFSLADAINTEFKNTRTNEKVELQELNDRFANYIDKVRFLEQQNKILLAELEQLKGQGKSRLGDLYEEEMRELRRQVDQLTNDKARVEVERDNLAEDIMRLREKLQEEMLQREEAESTLQSFRQDVDNASLARLDLERKVESLQEEIAFLKKLHDEEIQELQAQIQDQHVQIDMDVSKPDLTAALRDVRQQYESVAAKNLQEAEEWYKSKFADLSEAANRNNDALRQAKQESNEYRRQVQSLTCEVDALKGTNESLERQMREMEENFAVEAANYQDTIGRLQDEIQNMKEEMARHLREYQDLLNVKMALDIEIATYRKLLEGEESRIALPLPNFSSLNLRETNLDSLPLVDTHSKRTLLIKTVETRDGQVINETSQHHDDLE
A0A8C0NGY6	YAP1_CANLF		MDPGPPPPAAPPQAQGPPSAPPPPGQAPPSAPGPPAPPGSQAAPQAPPAGHQIVHVRGDSETDLEALFNAVMNPKTANVPQTVPMRLRKLPDSFFKPPEPKAHSRQASTDAGTAGALTPQHVRAHSSPASLQLGAVSPGTLTPTGVSSGPAAAPSAQHLRQSSFEIPDDVPLPAGWEMAKTSSGQRYFLNHIDQTTTWQDPRKAMLSQMSVTAPTSPPVQQSMMTSASGPLPDGWEQAMTQDGEIYYINHKNKTTSWLDPRLDPRFAMNQRISQSAPVKQPPPLAPQSPPGVLGGGGSSQQQQMRLQQLQMEKERLRLKQQELLRQVRPQAMRNISPSTANSPKCQELALRSQLPTLEQDGGTPNPVPSPGMSQELRTMTTSGSDPFLNSGTYHSRDESTDSGLSMSSYSVPRTPDDFLNSVDEMDTGDTINQSTLPSQQNRFPDYLEAIPGTNVDLGTLEGDGMNIEGEELMPSLQEALSSDILNDMESVLAATKLDKESFLTWL
A0A8C0TYJ0	DLG1_CANLF		MPVRKQDTQRALHLLEEYRSKLSQTEDRQLRSSIERVINIFQSNLFQALIDIQEFYEVTLLDNPKCIDRSKQSEPIQPVNTWEISSLPSTTVTSETLPSSLSPSVEKYRYQDEDTPPQEHISPQITNEVIGPELVHVSEKNLSEIENVHGFVSHSHISPIKPTEAVPPSSPTVPVIPVLPVPAENTVILPTIPQANPPPVLVNTDSLETSTYVNGTDADYEYEEITLERGNSGLGFSIAGGTDNPHIGDDSSIFITKIIAGGAAAQDGRLRVNDCILRVNEVDVRDVTHSKAVEALKEAGSIVRLYVKRRKPVSEKIMEIKLIKGPKGLGFSIAGGVGNQHIPGDNSIYVTKIIEGGAAHKDGKLQIGDKLLAVNSVCLEEVTHEEAVTALKNTSDFVYLKVAKPTSMYMNDGYAPPDITNSSSQPVDNHVSPSSYLGHTPASPARYSPVSKAMLGDDEITREPRKVVLHRGSTGLGFNIVGGEDGEGIFISFILAGGPADLSGELRKGDRIISVNSVDLRTASHEQAAAALKNAGQAVTIVAQYRPEEYSRFEAKIHDLREQMMNSSISSGSGSLRTSQKRSLYVRALFDYDKTKDSGLPSQGLNFKFGDILHVINASDDEWWQARQVTPDGESDEVGVIPSKRRVEKKERARLKTVKFNSKTRGDKGQSFNDKRKKNLFSRKFPFYKNKDQSEQETSDADQHITSNASDSESSYRGQEEYVLSYEPVNQQEVNYTRPVIILGPMKDRINDDLISEFPDKFGSCVPHTTRPKRDYEVDGRDYHFVTSREQMEKDIQEHKFIEAGQYNNHLYGTSVQSVREVAEKGKHCILDVSGNAIKRLQIAQLYPISIFIKPKSMENIMEMNKRLTEEQARKTFERAMKLEQEFTEHFTAIVQGDTLEDIYNQVKQIIEEQSGPYIWVPAKEKL
A0A8C2LVE3	HS2ST_CRIGR	"CARBOHYD 108; /note=""N-linked (GlcNAc...) asparagine""; /evidence=""ECO:0000255|PROSITE-ProRule:PRU00498""; CARBOHYD 127; /note=""N-linked (GlcNAc...) asparagine""; /evidence=""ECO:0000255|PROSITE-ProRule:PRU00498"""	MGLLRIMMPPKLQLLAVVAFAVAMLFLENQIQKLEESRAKLERAIARHEVREIEQRHTMDGPRQDAAVDEEEDIVIIYNRVPKTASTSFTNIAYDLCAKNRYHVLHINTTKNNPVMSLQDQVRFVKNITTWNEMKPGFYHGHISYLDFAKFGVKKKPIYINVIRDPIERLVSYYYFLRFGDDYRPGLRRRKQGDKKTFDECVAEGGSDCAPEKLWLQIPFFCGHSSECWNVGSRWAMDQAKYNLINEYFLVGVTEELEDFIMLLEAALPRFFRGATDLYRTGKKSHLRKTTEKKLPTKQTIAKLQQSDIWKMENEFYEFALEQFQFIRAHAVREKDGDLYILAQNFFYEKIYPKSN
A0A8I3NFE2	SHIP2_CANLF		MASACGAPGPGGAGPGGALGSPAPAWYHRDLSRAAAEELLARAGRDGSFLVRDSESVAGAFALCVLYQKHVHTYRILPDGEDFLAVQTSQGVPVRRFQTLGELIGLYAQPNQGLVCALLLPVEREREPDPPDDRDVSDGEDEKPPLPPRSGSTSISAPVGPGSPPAAPETPTTPAAESAPNGLSTVSHEYLKGSYGLDLEAVRGGASNLPHLTRTLATSCRRLHSEVDKVLAGLEILSKVFDQQSSPMVTRLLQQQNPAQTGEQELESLVLKLSVLKDFLSGIQKKALKVLQDMSSTAPPAPPQPAIRKAKTVPVQAFEVKLDVTLGDLTKIGKSQKFTLSVDVEGGRLVLLRRQRDSQEDWTTFTHDRIRQLIKSQRVQNKLGVVFEKEKDRTQRKDFIFVSARKREAFCQLLQLMKNKHSKQDEPDMISVFIGSWNMGSVPPPKNVTSWFTSKGLGKTLDEVTVTIPHDIYVFGTQENSVGDREWLDLLRGGLKELTDLDYRPIAMQSLWNIKVAVLVKPEHENRISHVSTSSVKTGIANTLGNKGAVGVSFMFNGTSFGFVNCHLTSGNEKTARRNQNYLDILRLLSLGDRQLSAFDISLRFTHLFWFGDLNYRLDMDIQEILNYISRKEFEPLLRVDQLNLEREKHKVFLRFSEEEISFPPTYRYERGSRDTYAWHKQKPTGVRTNVPSWCDRILWKSYPETHIICNSYGCTDDIVTSDHSPVFGTFEVGVTSQFISKKGLSKTSDQAYIEFESIEAIVKTASRTKFFIEFYSTCLEEYKKSFENDAQSSDNINFLKVQWSSRQLPTLKPILADIEYLQDQHLLLTVKSMDGYESYGECVVALKSMIGSTAQQFLTFLSHRGEETGNIRGSMKVRVPTERLGTRERLYEWISIDKDEAGAKSKAPSVSRGSQDPRSGNRKPAPAEASCPLSKLFEEPEKPPPTGRPPAPPRAASREEPLTPRLKAEGAPEPEGVAAPPPKNSFNNPAYYVLEGVPHQLLPPEPPSPARAPVPPATKNKVAITVPAPQLGRHRPPRVGEGSSSDEESGGTLPPPDFPPPPLPDSAIFLPPSLDPLPGPVVRGRSGGEARGPPPPKAHPRPPLPPGPSPTSTFLGEVASGDDRSCSVLQMAKTLSEVDYAPAGPGRSVLLPGPLELQPPRGLPSDYGRPLSFPPPRIRESIQEDLAEEAPCPQGGRAGGLGEAGMGAWLRAIGLERYEEGLVHNGWDDLEFLSDITEEDLEEAGVQDPAHKRLLLDTLQLSK
A0A8I3NQW8	ASTER_CANLF		MSTNNMSDPRRPNKVLRYKPPPSECNPALDDPTPDYMNLLGMIFSMCGLMLKLKWCAWVAVYCSFISFANSRSSEDTKQMMSSFMLSISAVVMSYLQNPQPMTPPW
A0A8I3P7X4	CCD47_CANLF	"CARBOHYD 178; /note=""N-linked (GlcNAc...) asparagine""; /evidence=""ECO:0000255"""	MKASLAFCVVLLVFGSVSEAKFDDFEDEEDIVEYDDNDFAEFEDVTEDSVTESPQRVITTEDDEDETTVELEGQDENQEGDFEDADTQEGDTESEPYDDEEFEGYEDKPDTSSSKNKDPITIVDVPAHLQNSWESYYLEILMVTGLLAYIMNYIIGKNKNSRLAQAWFNTHRELLESNFTLVGDDGTNKEATSTGKLNQENEHIYNLWCSGRVCCEGMLIQLRFLKRQDLLNVLARMMRPVSDQVQIKVTMNDEDMDTYVFAVGTRKALVRLQKEMQDLSEFCSDKPKSGAKYGLPDSLAILSEMGEVTEGMMDTKMVHFLTHYADKIESVHFSDQFSGPKIMQEEGQPLKLPDTKRTLLFTFNVPGSGNTYPKDMEALLPLMNMVIYSIDKAKKFRLNREGKQKADKNRARVEENFLKLTHVQRQEAAQSRREEKKRAEKERIMNEEDPEKQRRLEEAALRREQKKLEKKQMKMKQIKVKAM
A0A8I3PDQ1	CASL_CANLF		MWARNLMARALYDNVPECAEELAFRKGDILTVIEQNTGGLEGWWLCSLHGRQGIVPGNRVKLLIGPIQETPSGQDQPTSGLMHQTFGQQKLYQVPNPHSAPRDTIYQVPPSYQHQGIYQVPTSHGIQEQDVYQVPPSVQRSIGAANGPHLSKKVVTPVRTGQGYVYEYPSRHQKDIYDIPPSHTTQGVYDIPPSSVKVPVFSLPVGEIKPQGVYDIPPTKGLYAIPPSACRDEAGLREKEYDFPPPMRQAGRLDVRPEGVYDIPPTSTKPTGKDLHIKYNCDAPGAAELATRRHQSVLLNHAPSQLGQSPGAQNDAYDVPRGVQFLEPPAETSEKANPEERDGVYDVPLHNPPDAKGSQDVVDGMNRLSFSSTGSTRSNMSTSSTTSKESSVSASPSQDKRLLLDPDTAIERLHRLQQTLEVGVSSLMALVTTDWRCYGYMDRHINEIRTSVDKVELFVRDYLHFARGAVANASCLPELTLHNKMKRELQRVEDSHQILSQTSHDLNECSWSLNILAVNKPQNKCDDLDRFVMVAKTVPDDAKQLTTTINTNAEALFRPGPGSSHVKSGSENIMNSTEYPHAASQMPLLHPGDHKAQGLNKPLPPSLGKDQPPDCSSSDGSERSWMDDYDYVHLQGKEEFERQQKELLEKENIIKQNKLQLEHHQLSQFQLLEQEITKPVENDISKWKPSQSLPTTNSSVGAQDRQLLCFYYDQCETHYISLLNAIDALFSCVSSAQPPRIFVAHSKFVILSAHKLVFIGDTLTRQVAAQDICHKVMNSSNQLCEQLKTIVMATKMAALHYPSTTALQEMVHQVTDLSRNAQLFKRSLLEMATF
A0A8I3PI99	TMCO1_CANLF		MSTMFADTLLIVFISVCTALLAEGITWVLVYRTDKYKRLKAEVEKQSKKLEKKKETITESAGRQQKKKIERQEEKLKNNNRDLSMVRMKSMFAIGFCFTALMGMFNSIFDGRVVAKLPFTPLSYIQGLSHRNLLGDDTTDCSFIFLYILCTMSIRQNIQKILGLAPSRAATKQAGGFLGPPPPSGKFS
A0A8I3PJ84	K1C18_CANLF	"CARBOHYD 30; /note=""O-linked (GlcNAc) serine; alternate""; /evidence=""ECO:0000250|UniProtKB:P05783""; CARBOHYD 31; /note=""O-linked (GlcNAc) serine; alternate""; /evidence=""ECO:0000250|UniProtKB:P05783""; CARBOHYD 50; /note=""O-linked (GlcNAc) serine; alternate""; /evidence=""ECO:0000250|UniProtKB:P05783"""	MSFTARSTFSSNYRSLGSVQAPSHRVRPISSSAASVYAGAGGSGSRISVSRSTSFRGGWGSGGLAAGMAGGLAGIGGIQGEKETMQDLNDRLASYLEKVRSLEADNQRLEMKIREHLEKKGPQVRDWGHYFKTIEDLRAQIFASAVDNARIVLQIDNARLAADDFRVKYETELAMRQSVESDIHGLRKVIDDTNVTRLQLETEIEALKEELLFMKKNHEEEVKGLQNQIANSGLTVELDAPKSQDLSKIMADIRAQYDELAQKNREELDKYWSQQIEESTTVVTTQTAEIGEAEMTLTELRRTAQSLEINLDSMRNLKASLENSLREVETRYAMQMEQLNGVLLHLESELSQTRAEGQRQAQEYEALLNVKVKLEAEIATYRRLLEDGEDFSLTDALDSSNSLHTIQKTTTRKIVDGKVVSETNDTKILRR
A0A8I3PQN6	WWTR1_CANLF		MNPASVPPALPPPGQQVIHVTQDLDTDLEALFNSVMNPKPSSWRKKILPESFFKEPDSGSHSRQSSTDSSGGHAGPRLAGGAQHVRSHSSPASLQLGPGAGAAGSPAQQHAHLRQQSYDVTDELPLPPGWEMTFTATGQRYFLNHIEKITTWQDPRKAMNQSLNPMNLHPAATSTPASQRSMAVSQPNLVMNHQHQQQMAPTNLSQQNHPTQNPPAGLMSMPNALTTQQQQQQKLRLQRIQMERERIRMRQEELMRQEAALCRQLPMEAETLATVQAAVNPPAMTPDMRSITNNSSDPFLNGGPYHSREQSTDSGLGLGCYSVPTTPEDFLSNVDEMDTGENAGQTPMNINPQQTRFPDFLDCLPGTNVDLGTLESEDLIPLFNDVESALNKSEPFLTWL
A0A8I3QA39	AMOL2_CANLF		MRTLEDSSGTVLHRLIQEQLRYGNLTETRTLLAIQQQALRGGAGAGGTGSPQASAEILAPEDTQVLQQATRQEPQGQEHQGGESHLAENTLYRLCPQPGKGEELPTYEEAKAHSQYYAAQQAGPRPHVGDRDPRGAPGGHRSQDEALRELRHGHVRSLSERLLQLSLERNGARAPSHMSSSHSFPQLARNQQGPAPRGPPAEGPEPRGPPPQYPHVVLAHETATAVTDPRYRTRGSPHFQHAEVRILQAQVPPVFLQQQQQYQYLQQPQEHPLPPHPAVLSHGPLGALSPPEVEGPASTQTSSAPSGSAHLAQMETLLRENARLQRDNERLQRELESSAEKAGRIEKLEGEIQRLSEAHESLMRASSKREALEKTMRNKMDSEMRRLQDFNRDLRERLESANRRLASKTQEAQAGSQDMVAKLLAQSYEQQQEQEKLEREMALLRGAIEDQRRRAELLEQALSNAQGRAARAEEELRKKQAYVEKVERLQQALGQLQAACEKRELLELRLRTRLEQELKALRAQQRQAGTPTGASGGSPELSALRLSEQLREKEEQILALEADMTKWEQKYLEERAMRQFAMDAAATAAAQRDTTLIRHSPQPSPSSSFNEGLLTGGHRHQEMESRLKVLHAQILEKDAVIKVLQQRSRKDPGKATQGSLRPAKSVPSVFVAAAAGTQGWQSLSSSERPADAPARLATDRAPEEEPVAAAPLPAHAKHGSRDGSTQTDGPTEGASACLGLDPDSLLGYSGGQRTASLDSVAASRVQDLSDMVEILI
A0A8I3S724	AURKA_CANLF		MDKSKENCIAGPVKTAIALGDGPKRVLVTQQVPSQNPLSANSGQAQRVLCPSNSSQRVPPQTQKLVSSHKPAQNLKQKQLQATGVPRPASRSLNNTQKSEQPSSSAPGNNSEKELATKQKNEESKKRQWALEDFEIGRPLGKGKFGNVYLAREKQSKFILAIKVLFKAQLEKAGVEHQLRREVEIQSHLRHPNILRLYGYFHDATRVYLILEYAPLGAVYRELQKLSKFDEQRTATYITELADALSYCHSKRVIHRDIKPENLLLGSAGELKIADFGWSVHAPSSRRTTLCGTLDYLPPEMIEGRMHDEKVDLWSLGVLCYEFLVGKPPFEASTYQETYKRISRVEFTFPDFVPEGARDLISRLLKHNPSQRPTLKDVLEHPWIMANSSKPSSSQKSKDSTSKQS
A0A8I3S9V6	RCAF1_CANLF		MSGGRRKEEPPQPQLANGALKVSVWSKVLRSDAAWEDKDEFLDVIYWFRQIIAVVLGVIWGVLPLRGFLGIAGFCVINAGVLYLYFSNYLQIDEEEYGGTWELTKEGFMTSFALFMVIWIIFYTAIHYD
A0A8I5KQE6	RPSA2_HUMAN		MSGALDVLQMKEEDVLKFLAAGTHLGGTNLDFQMEHYIYKRKSDGIYIINLKRTWEKLLLAARAIVAIENPADVSVISSRNTGQRAVLKFAAATGATPIAGRFTPGTFTNQIQAAFWEPRLLVVTDPRADHQPLTEASYVNLPTIALCNTDSPLRYVDIAIPCNNKGAHSVGLMWWMLAREVLRMRGTISREHPWEVMPDLYFYRDPEEIEKEEQAAAEKAVTKEEFQGEWTAPSPEFTATQPEVADWSEGVQVPSVPIQQFPTEDWSAQPATEDWSAAPTAQATEWVGATTDWS
A0A8I5ZN27	CNGB1_RAT		MLGWVQRVLPQPPGTPQKTEEGAGPQPETESKPEANPQPEPEVQPEPEPEPEPAPEEAAPEVQTLPPEEPVEGEDVAEAGPSLQETQEADPPQPTSQAQVAVVKVNRPSSWMLSWFWKGMEKVVPQPVYSSSGGQNLAAGEGGPDQDGAQTLEPCGTGDPGSEDGSDKTSKTQDTEPSLWLLRWLELNLEKVLPQPPTPSQAWKVEPEGAVLEPDPPGTPMEVEPTENPSQPNPGPVEPEEEPAAEPQPGFQASSLPPPGDPVRLIEWLLHRLEMALPQPVLHGKAAEQEPSCPGTCDVQTISILPVEQAEHDLVLEDVDSCWEDTQQEDGASLQETELAPIYEDESEAMVEMPRELPQIQEEEEEEKEEKEEKEEEEEKEEEEKREEEKKKEKEEEKKEKEKEEKEEKEEKEEEEKEEKEEEEKEEKEEEEKEEKEEEEEEEEEEEEEEPIVLLDSCLVVQADVDQCQLERAQPETASIQELPEEEEEKEEEKKEEEEEKEEEEEKEEEEEKEEEGEATNSTVPATKEHPELQVEDTDAEAGPLIPEETIPPPERPPVSPAKSDTLAVPGAATHRKKLPSQDDEAEELKALSPAESPVVAWSDPTTPQEADGEDRAASTASQNSAIINDRLQELVKMFKERTEKVKEKLIDPDVTSDEESPKPSPAKKAPDSAPAQKPAEAEAAEEEHYCDMLCCKFKRRPWKMYQFPQSIDPLTNLMYILWLFFVVLAWNWNCWLIPVRWAFPYQRADNIHLWLLMDYLCDFIYLLDITVFQMRLQFVKGGDIITDKKEMRNNYLKSQRFKMDLLCLLPLDFLYLKLGVNPLLRLPRCLKYMAFFEFNNRLEAILSKAYVYRVIRTTAYLLYSLHLNSCLYYWASAFQGIGSTHWVYDGVGNSYIRCYYWAVKTLITIGGLPDPQTLFEIVFQLLNYFTGVFAFSVMIGQMRDVVGAATAGQTYYRSCMDSTVKYMNFYKIPRSVQNRVKTWYEYTWHSQGMLDESELMVQLPDKMRLDLAIDVNYNIVSKVALFQGCDRQMIFDMLKRLRSVVYLPNDYVCKKGEIGREMYIIQAGQVQVLGGPDGKAVLVTLKAGSVFGEISLLAVGGGNRRTANVVAHGFTNLFILDKKDLNEILVHYPESQKLLRKKARRMLRNNNKPKEEKSVLILPPRAGTPKLFNAALAAAGKMGPRGAKGGKLAHLRARLKELAALEAAARQQQLLEQAKSSQEAGGEEGSGATDQPAPQEPSEPKEPPEPPAPSSPPPASAKPEGSTEEAAGPPEPSVRIRVSPGPDPGEQTLSVEMLEEKKEEVE
A0A8I5ZNK2	OXSR1_RAT		MSEDSSALPWSINRDDYELQEVIGSGATAVVQAAYCAPKKERVAIKRINLEKCQTSMDELLKEIQAMSQCHHPNIVSYYTSFVVKDELWLVMKLLSGGSVLDIIKHIVAKGEHKGGVLDESTIATILREVLEGLEYLHKNGQIHRDVKAGNILLGEDGSVQIADFGVSAFLATGGDITRNKVRKTFVGTPCWMAPEVMEQVRGYDFKADIWSFGITAIELATGAAPYHKYPPMKVLMLTLQNDPPSLDTGVQDKEMLKKYGKSFRKMISLCLQKDPEKRPTAAELLRHKFFQKAKNKEFLQEKILQRAPTISERSKKVRRVPGSSGRLHKTEDGGWEWSDDEFDEESEEGKAAISQLRSCPTQQHCLCLLQLFSAADPMGTLLQVPEQISAHLPQPASQMPTQPAQVSLLPPAEPAKPAQARSSGERSQETKVPISLVLRLRNSKKELNDIRFEFTPGRDTAEGVSQELISAGLVDGRDLVIVAANLQKIVEEPQSNRSVTFKLASGVEGSDIPDDGKLIGFAQLSIS
A0A8I6G2K8	KDM1A_RAT		MLSGKKAAAAAAAAAAAAAGTEAGPGAAGGAENGSEVAAPPAGLAGPADIATGAAGERTPRKKEPPRASPPGGLAEPPGSAGPQAGPTAGPGSATPMETGIAETPEGRRTSRRKRAKVEYREMDESLANLSEDEYYSEEERNAKAEKEKKLPPPPPQAPPEEENESEPEEPSGVEGAAFQSRLPHDRMTSQEAACFPDIISGPQQTQKVFLFIRNRTLQLWLDNPKIQLTFEATLQQLEAPYNSDTVLVHRVHSYLERHGLINFGIYKRIKPLPIKKTGKVIIIGSGVSGLAAARQLQSFGMDVTLLEARDRVGGRVATFRKGNYVADLGAMVVTGLGGNPMAVVSKQVNMELAKIKQKCPLYEANGQAVPKEKDEMVEQEFNRLLEATSYLSHQLDFNVLNNKPVSLGQALEVVIQLQEKHVKDEQIEHWKKIVKTQEELKELLNKMVNLKEKIKELHQQYKEASEVKPPRDITAEFLVKSKHRDLTALCKEYDELAETQGKLEEKLQELEANPPSDVYLSSRDRQILDWHFANLEFANATPLSTLSLKHWDQDDDFEFTGSHLTVRNGYSCVPVALAEGLDIKLNTAVRQVRYTASGCEVIAVNTRSTSQTFIYKCDAVLCTLPLGVLKQQPPAVQFVPPLPEWKTSAVQRMGFGNLNKVVLCFDRVFWDPSVNLFGHVGSTTASRGELFLFWNLYKAPILLALVAGEAAGIMENISDDVIVGRCLAILKGIFGSSAVPQPKETVVSRWRADPWARGSYSYVAAGSSGNDYDLMAQPITPGPSIPGAPQPIPRLFFAGEHTIRNYPATVHGALLSGLREAGRIADQFLGAMYTLPRQATPGVPAQQSPSM
A0A8I6G705	RBPMS_RAT		MNGGGKAEKENTPSEANLQEEEVRTLFVSGLPLDIKPRELYLLFRPFKGYEGSLIKLTSKQPVGFVSFDSRSEAEAAKNALNGIRFDPEIPQTLRLEFAKANTKMAKNKLVGTPNPSTPLPNTVPQFIAREPYELTVPALYPSSPEVWAPYPLYPAELAPALPPPAAFTYPASLHAQMRWLPPSEATSQGWKSRQFC
A0A8I6GM68	HDAC6_RAT		MTSTGQDSSTRQRKSRHNPQSPLQDSSATLKRGGKKGAVPHSSPNLAEVKKKGKMKKLSQPAEEDLIVGLQGLDLNSETRVPVGTGLVFDEQLNDFHCLWDDSFPENPERLHAIKEQLILEGLLGRCVSFQARFAEKEELMLVHSLEYIDLMETTQYMNEGELRVLAGTYDSVYLHPNSYSCACLATGSVLRLVDAVMGAEIRNGMAVIRPPGHHAQRSLMDGYCMFNHLAVAARYAQKKHRIQRILIVDWDVHHGQGTQFIFDQDPSVLYFSIHRYEHGRFWPHLKASNWSTTGFGQGQGYTINVPWNQVSFCSHKLSLACFPRGSREMTDYYIAFLCLQVGMRDADYIAAFLHILLPVAFEFQPQLVLVAAGFDALHGDPKGEMSATPAGFAHLTHFLMGLAGGKLILSLEGGYNLHALAKGVSGSLHTLLGDPCPMLESPVAPCASAQTSISCTLEALEPFWEVLERSVEPQDEDEVEGDMLEDEEEEGHWEATALPMDTWPLLQNRTGLVYDERMMSHCNLWDNHHPETPQRILRIMCHLEEVGLAARCLILPARPALDSELLTCHSAEYVERLRATEKMKTRDLHREGANFESIYICPSTFACAQLATGAACRLVEAVLSGEVLNGIAIVRPPGHHAEPDAACGFCFFNSVAVAARHAQVIAGRALRILIVDWDVHHGNGTQHIFEEDPSVLYVSLHRYDRGTFFPMGDEGASSQVGRAAGTGFTVNVPWNGPRMGDADYLATWHRLVLPIAYEFNPELVLISAGFDAAQGDPLGGCQVTPEGYAHLTHLLMGLAGGRIILILEGGYNLTSISESMAACTHSLLGDPPPQLTSLRPPQSGALASISEVIQVHRKYWRSLRLMKMEDKEERSSSRLVIKKLPQSASPVSAKGMTTPKGKVLEAGMRKPTAALPTKESTLGQAKAKTAKALLAQGQSSEQAAKGTTLDLATSKDTVGGATTDQCASVAATENSANQTTSGEEASGETESFGTSPSSNASKQTTGASPLHGAAAQQSPELGLSSTLELSSEAQEVQESEEGLLGEAAGGQDMNSLMLTQGFGDFNTQDVFYAVTPLSWCPHLMAVCPIPAAGLDVSQPCKTCGSVQENWVCLTCYQVYCSRYVNAHMVCHHEASEHPLVLSCVDLSTWCYLCQAYVHHEDLQDVKNAAHQNKFGEGMPHLQ
A0A8P0N4K0	SCRIB_CANLF		MLKCIPLWRCNRHVESVDKRHCSLQAVPEEIYRYSRSLEELLLDANQLRELPKPFFRLLNLRKLGLSDNEIQRLPPEVANFMQLVELDVSRNDIPEIPESIKFCKALEIADFSGNPLSRLPEGFTQLRSLAHLALNDVSLQALPGDVGNLANLVTLELRENLLKSLPSSLSFLVKLEQLDLGGNELEVLPDTLGALPNLRELWLDRNQLSALPPELGNLRRLVCLDVSENRLEELPAELGGLLLLTDLLLSQNLLQRLPDGIGQLKQLSILKVDQNRLCEVTEAIGDCENLSELILTENLLTALPRSLGKLTKLTNLNADRNRLEVLPPEIGGCAALSVLSLRDNRLATLPAELAHTAELHVLDVAGNRLQSLPFALTHLNLKALWLAENQAQPMLRFQTEDDAQTGEKVLTCYLLPQQPPPSLEESGLQSSPSESWSDAPPSRVSVIQFLEVPMCSDDAEGAAAEKRGLQRRATPHPSELKVMKRGVEERRGEAYSWKPESRLPSPLEEDKRLSTESGLSEDSQPSTGTASQGEPEGSLADTQGLSQQEAAPNAQEEAVEEETYEEPTVRFAEDTLLLPPAGEDGESEEGQLEAPWPLPGGRQRLIRKDTPHYKKHFKISKLPQPEAVVALLQGAQPDGEGPAGAGGWHNGPHTPWAPRAEEEDEEDEEEDEEEEEVAVAEEDKEEAVVSAPSIKGVSFDQANNLLIEPARIEEEELTLTIVRQTGGLGISIAGGKGSTPYKGDDEGIFISRVSEEGPAAQAGVRVGDKLLEVNGVALHGAEHHQAVEALRGAGTTVQMRLWRERMVEPENAVTVTPLRPEDDYSPRERRGAGLRLPLLQPEAAGPLRQRHVACLVRSEKGLGFSIAGGKGSTPYRAGDGGIFISRIAEGGAAHRAGTLQVGDRVLSINGVDMTEARHDHAVSLLTAASPTIALLLEREAGGPLPPSPLPHSPPPPVTAPSTVVTASPGESGPLRLAPSLLAATLEGPYPVEEICLPRAGGPLGLSIVGGSDHSSHPFGIQEPGVFISKVLPRGLAARSGLRVGDRILAVNGQDIREATHQEAVSALLRPCLELVLLVRRDPPPPGMRELCIQKAPGEKLGISVRGGAKGHAGNPCDPTDEGIFISKVSPTGAAGRDGRLRVGLRLLEVNQQSLLGLTHGEAVQLLRSVGDTLTVLVCDGFDTSTVAPAEVSPGVIANPFAAGVGRRNSLESVSSIDRELSPEGCGKEKEPPGPTPQWGLEAMVPPGTTGGKMAEGPHSSSCQQPPSPPSPDTLPTNVKQAYRTFAAVPGPHPLQDTPAQPPTPGPMASPEQLSFRERQKYFELEVRMPQAEGPPKRVSLVGADDLRKMQEEEARKLQQKRAQLMREAEDGALSLDLDGEAPDDEEPEEPPPWAGPAAGLSPSSPQPLGGGAPVRTAKAERRHQERLRVQSPELSTPLPDRALSPAERRALEAEKRALWRAARMKSLEQDALRAQMVLSKSQEGRSRRGPLERLAEAPSPAPTPSPTPVEDLGLQTSTSPGRLALSGRKFDYRVFAALPSSRPVCELQSPDFAEELRSLEPSPSPGLQEEDGEVAMVLLGRPSPGTVGPEEVTLCSSRRPVRPGRRGLGPVPS
A0AAA9S7E1	PTC1_BOVIN	"CARBOHYD 140; /note=""N-linked (GlcNAc...) asparagine""; /evidence=""ECO:0000255""; CARBOHYD 311; /note=""N-linked (GlcNAc...) asparagine""; /evidence=""ECO:0000255""; CARBOHYD 348; /note=""N-linked (GlcNAc...) asparagine""; /evidence=""ECO:0000255""; CARBOHYD 413; /note=""N-linked (GlcNAc...) asparagine""; /evidence=""ECO:0000255""; CARBOHYD 874; /note=""N-linked (GlcNAc...) asparagine""; /evidence=""ECO:0000255""; CARBOHYD 914; /note=""N-linked (GlcNAc...) asparagine""; /evidence=""ECO:0000255""; CARBOHYD 999; /note=""N-linked (GlcNAc...) asparagine""; /evidence=""ECO:0000255"""	MASAGNAAELQNRGGGGSCSGAPGRPAGGGRRRRTGGLRRNAVPDWDYLHRPSYCDAAFALEQISKGKATGRKAPLWLRAKFQRLLFKLGCYIQKNCGKFLVVGLLIFGAFAVGLKAANLETNVEELWVEVGGRVSRELNYTRQKIGEEAMFNPQLMIQTPKEEGANVLTTEALRQHLDSALQASRVHVYMYNRQWKLEHLCYKSGELITETGYMDQIIEYLYPCLIITPLDCFWEGAKLQSGTAYLLGKPPLQWTNFDPLEFLEELKKINYQVDSWEEMLNKAEVGHGYMDRPCLNPADPDCPATAPNKNATKPLDMALVLNGGCHGLSRKYMHWQEELIVGGTVKNSTGKLVSAHALQTMFQLMTPKQMYEHFKGYEYVSHINWNEDKAAAILEAWQRTYVEVVHQSVAQNSTQKVLSFTTTTLDDILKSFSDVSVIRVASGYLLMLAYACLTMLRWDCSRSQGAVGLAGVLLVALSVAAGLGLCSLIGISFNAATTQVLPFLALGVGVDDVFLLAHAFSETGQNKRIPFEDRTGECLKRTGASVALTSISNVTAFFMAALIPIPALRAFSLQAAVVVVFNFAMVLLIFPAILSMDLYRREDRRLDIFCCFTSPCVSRVIQVEPQAYTETHDNTRYSPPPPYSSHGFAHETQITMQSTVQLRTEYDPHTHVYYTTAEPRSEISVQPVTMAQDTLSCQSPESTSSTRDLLSQFSDSSLHCLEPPCTRWTLSSFAEKHYAPFLLKPKAKVVVIFLFLGLLGVSLYGTTRVRDGLDLTDIVPRETREYDFIAAQFKYFSFYNMYIVTQKADYPNIQHLLYDLHKSFSNVKYVMLEENKQLPKMWLHYFRDWLQGLQDAFDSDWETGKIMPNNYKNGSDDGVLAYKLLVQTGSRDKPIDISQLTKRRLVDADGIINPSAFYIYLTAWVSNDPVAYAASQANIRPHRPEWVHDKADYMPETRLRIPAAEPIEYAQFPFYLNGLRDTSDFVEAIEKVRTICNNYTSLGLSSYPNGYPFLFWEQYIGLRHWLLLSISVVLACTFLVCAVFLLNPWTAGIIVTVLALMTVELFGMMGLIGIKLSAVPVVILIASVGIGVEFTVHVALAFLTAIGDKNRRAVLALEHMFAPVLDGAVSTLLGVLMLAGSEFDFIVRYFFAVLAILTILGVLNGLVLLPVLLSFFGPYPEVSPANGLNRLPTPSPEPPPSVVRFAVPAGHTNNGSDSSDSEYSSQTTVSGISEELRHYEAQQGAGGPAHQVIVEATENPVFARSTVVHPEPRHHPPSNPRQQSHLDSRTLPPGQPGQQPRRETPRECLRAPPYKPRRDAFEISTEGHSGPSNRDRTGPRGARSHNPRHHNPAFTAMGSSMPSYCQPITTVTASASVTVAVHPPPAPGPGPSRNPRSGLCPGYEDYPETDHGLFEDPHVPFNVRCERREPKVEVIELQDVECEERRHGSSSN
A0AAA9T569	MRP4_BOVIN		MDCSLPAPPSMGFYRWLNPLFKIGHKRRLEEDDMYSVLPEDRSQHLGEELQGYWDQEVLRAEKDAREPSLTKAIIKCYWKSYVVLGIFTLIEESTRVVQPIILGKIIGYFENYDPSDSAALYEAHGYAGVLSACTLVLAILHHLYFYHVQCAGMRLRVAMCHMIYRKALRLSNSAMGKTTTGQIVNLLSNDVNKFDQVTIFLHFLWAGPLQAIVVTALLWMEIGISCLAGMAVLIILLPLQSCIGKLFSSLRSKTAAFTDTRIRTMNEVITGIRIIKMYAWEKSFADLITNLRRKEISKILRSSYLRGMNLASFFVASKIIVFVTFTTYVFLGNVITASRVFVAVSLYGAVRLTVTLFFPSAVEKVSEAFVSIRRIKNFLLLDEITQLHSQLPSDGKMIVNVQDFTAFWDKASDTPTLQSLSFTVRPGELLAVVGPVGAGKSSLLSAVLGELPPNQGQVSVHGRIAYVSQQPWVFSGTVRSNILFGKKYEKERYEKVIKACALKKDLQLLEDGDLTMIGDRGTTLSGGQKARVNLARAVYQDADIYLLDDPLSAVDAEVSRHLFELCICQALHEKIRILVTHQLQYLKAASQILILKDGQMVQKGTYTEFLKSGIDFGSLLKKENEEAEPSPVPGSPTLRNRTFSESSVWSQQSSRPSLKEATPEGQDTENIQVTLTEESRSEGKVGFKAYKNYFTAGAHWFIIIFLILVNLAAQVSYILQDWWLSYWANQQSALNVTVNGQGNVTEKLDLNWYLGIYSGLTASTVLFGIVRSLLVFFVLVSSSQTLHNQMFESILRAPVLFFDRNPIGRILNRFSKDIGHMDDLLPLTYLDFIQTFLQVIGVVGVAVAVIPWIAIPLVPLGIVFFVLRRYFLETSRDVKRLESTTRSPVFSHLSSSLQGLWTIRAYKAEQRFQELFDSHQDLHSEAWFLFLTTSRWFAVRLDAICAVFVIVVAFGSLILAKTLDAGQVGLALSYALTLMGMFQWCVRQSAEVENMMISVERVIEYTDLEKEAPWEYQKRPLPSWPHEGVIIFDNVNFSYSLDGPLVLKHLTALIKSKEKVGIVGRTGAGKSSLIAALFRLSEPEGKIWIDKILTTEIGLHDLRKKMSIIPQEPVLFTGTMRKNLDPFNEHSDEELWNALEEVQLKEAIEDLPGKMDTELAESGSNFSVGQRQLVCLARAILRKNRILIIDEATANVDPRTDELIQKKIREKFAHCTVLTIAHRLNTIIDSDKIMVLDSGRLKEYDEPYVLLQNRDSLFYKMVQQLGKAEAAALTETAKQVYFKRNYPDITHNGHVVMNASSGQPSAFTIFETAL
A0AAQ4VMX2	CO4A_MOUSE	"CARBOHYD 224; /note=""N-linked (GlcNAc...) asparagine""; /evidence=""ECO:0000255""; CARBOHYD 743; /note=""N-linked (GlcNAc...) asparagine""; /evidence=""ECO:0000255""; CARBOHYD 859; /note=""N-linked (GlcNAc...) asparagine""; /evidence=""ECO:0000255""; CARBOHYD 1128; /note=""N-linked (GlcNAc...) asparagine""; /evidence=""ECO:0000255""; CARBOHYD 1383; /note=""N-linked (GlcNAc...) asparagine""; /evidence=""ECO:0000255"""	MRLLWGLAWVFSFCASSLQKPRLLLFSPSVVNLGTPLSVGVQLLDAPPGQEVKGSVFLRNPKGGSCSPKKDFKLSSGDDFVLLSLEVPLEDVRSCGLFDLRRAPYIQLVAQSPWLRNTAFKATETQGVNLLYSSRRGHIFVQTDQPIYNPGQRVRYRVFALDQKMRPSTDFLTITVENSHGLRVLKKEIFTSTSILQDTFTIPDISEPGTWKISARFSDGLESNRSTHFEVKKYVLPNFEVKITPWKPYILMVPSNSDEIQLDIQARYIYGKPVQGVAYTRFALMDEQGKRTFLRGLETQAKLVEGRTHISISKDQFQAALDKINIGVRDLEGLRLYAATAVIESPGGEMEEAELTSWRFVSSAFSLDLSRTKRHLVPGAHFLLQALVREISGSEASNVIVKVSPTLVSGSDSQVLNVQQSTNRIGQVSISFPIPPTVTGLRLLVSAGSLYPMIARLTVQSPPSRGTGFLSIEPLDPRSPRVGDTFILNLQAVGIPAPTFSHYYYMIISRGQIMAMSREARRTVTSVSVLVDHQLAPSFYFVAYFYHQGHPVANSLLINIQPRDCEGKLQLKVVGAKEYHNGDMMKLRIQTDSKALVALGAVDTALYAVGGWSHKPLDMSKVFEVINSYNVGCGPGGGDDAPQVFQDAGLAFSDGDRLTQTREDLSCPKEKKSRQKRNVNFLKALSEKLGQYSSPDAKRCCQDGMTKLPMKRTCEQRAARVPQQACREPFLSCCKFAEDLRRNQTRSQAPLARKVRDMVNLIEEDDILVRTSFPENWLWRVEPVDSSKLLTVRLPDSMTTWEIHGVSLSKSKGLCVAKPTRVRVFRKFHLHLRLPISVRRFEQLELRPVLYNYLNDDKNVSVHVTPVEGLCMAGGGMMAQWVIVPAGSALPVAFSVVPTASTNVPLKLVAKGTLDSSDSVSKILQIEKEGAIHREEIVYNLDPLNNLGQMLEIPGSSDPNIVPEGDFSTFVKVTASEPLETLGSEEALSPGGVASLLRLPGCAEQTMIYLAPTLTASNYLDRTKQWSKLSPETKDHAVHLIQKGHVRIQQFRKKDGSFGAWLHRDSSTWLTAFVLKILSLAQEQVGNSPEKLQETASWLLAQQLGDGSFHDPCPVIHRAMQGGLVGSNETVALTAFVVIALHHGLNVFREGHAKQLKNRVEASITKANSFLGQKASAGLLGAHAAAITAYALTLTKASEDLRNVAHNSLMAMAEETGENLYWGLVLGSQDKVVLRPADPRSPTEPVPQAPALWIETTAYALLHLLLREGKGKMADKAASWLTHQGNFHGAFRSTQDTVVTLDALSAYWIASHTTEEKALKVTLSSMGRNGLKTHVLHLNNHQVKGLEEELKFSLGSTISVKVEGNSKGTLKILRTYNVLDMKNTTCQDLQIEVKVTDAVEYAWSAYEDYEDDYNMPATDDPSVPLQPVTPLQLFEGRRSRRRREAPKVAEERESRVHYTVCIWRNGKLGLSGMAIADITLLSGFHALRADLEKLTSLSDRYVSHFETDGPHVLLYFDSVPTTRECVGFGASQEVVVGLVQPASAVLYDYYSPDHKCSVFYAAPTKSQLLATLCSGDVCQCAEGKCPRLLRSLERRVEDKDGYRMRFACYYHQVEYGFTVKVLREDGRAAFRFFESKITQVLHFRTDTMASIGQTRNFLSRTSCRLRLEPNKEYLIMGMDGETSDNKGDPQYLLDSNTWIEEMPSEQMCKSTRHRAACFQLKDFLMEFSSRGCQV
A0AAS4	SMS1_PIG		MSASTMKEVVYWSPKKVADWLLENAMPEYCEPLEHFTGRDLINLTQEDFTKPPLCRVSSDNGQRLLDMIETLKMEHHMEAHKNGHANGHLSIGTDVPAPDGSFSIKVKPNGMPNGYRKEMIKIPMPEPERSQYPMEWGKTFLAFLYALSCFVLTTVMISVVHERVPPKEVQPPLPDTFFDHFNRVQWAFSICEINGMILVGLWLIQWLLLKYKSIISRRFFCIVGTLYLYRCITMYVTTLPVPGMHFNCSPKLFGDWEAQLRRIMKLIAGGGLSITGSHNMCGDYLYSGHTVMLTLTYLFIKEYSPRRLWWYHWICWLLSVVGIFCILLAHDHYTVDVVVAYYITTRLFWWYHTMANQQVLKEASQMNLLARVWWYRPFQYFEKNVQGIVPRSYHWPFPWPVVHLGRQVKYSRLVNDT
A0AV02	S12A8_HUMAN	"CARBOHYD 221; /note=""N-linked (GlcNAc...) asparagine""; /evidence=""ECO:0000255"""	MTQMSQVQELFHEAAQQDALAQPQPWWKTQLFMWEPVLFGTWDGVFTSCMINIFGVVLFLRTGWLVGNTGVLLGMFLVSFVILVALVTVLSGIGVGERSSIGSGGVYSMISSVLGGQTGGTIGLLYVFGQCVAGAMYITGFAESISDLLGLGNIWAVRGISVAVLLALLGINLAGVKWIIRLQLLLLFLLAVSTLDFVVGSFTHLDPEHGFIGYSPELLQNNTLPDYSPGESFFTVFGVFFPAATGVMAGFNMGGDLREPAASIPLGSLAAVGISWFLYIIFVFLLGAICTREALRYDFLIAEKVSLMGFLFLLGLYISSLASCMGGLYGAPRILQCIAQEKVIPALACLGQGKGPNKTPVAAICLTSLVTMAFVFVGQVNVLAPIVTINFMLTYVAVDYSYFSLSMCSCSLTPVPEPVLREGAEGLHCSEHLLLEKAPSYGSEGPAQRVLEGTLLEFTKDMDQLLQLTRKLESSQPRQGEGNRTPESQKRKSKKATKQTLQDSFLLDLKSPPSFPVEISDRLPAASWEGQESCWNKQTSKSEGTQPEGTYGEQLVPELCNQSESSGEDFFLKSRLQEQDVWRRSTSFYTHMCNPWVSLLGAVGSLLIMFVIQWVYTLVNMGVAAIVYFYIGRASPGLHLGSASNFSFFRWMRSLLLPSCRSLRSPQEQIILAPSLAKVDMEMTQLTQENADFATRDRYHHSSLVNREQLMPHY
A0AV96	RBM47_HUMAN		MTAEDSTAAMSSDSAAGSSAKVPEGVAGAPNEAALLALMERTGYSMVQENGQRKYGGPPPGWEGPHPQRGCEVFVGKIPRDVYEDELVPVFEAVGRIYELRLMMDFDGKNRGYAFVMYCHKHEAKRAVRELNNYEIRPGRLLGVCCSVDNCRLFIGGIPKMKKREEILEEIAKVTEGVLDVIVYASAADKMKNRGFAFVEYESHRAAAMARRKLMPGRIQLWGHQIAVDWAEPEIDVDEDVMETVKILYVRNLMIETTEDTIKKSFGQFNPGCVERVKKIRDYAFVHFTSREDAVHAMNNLNGTELEGSCLEVTLAKPVDKEQYSRYQKAARGGGAAEAAQQPSYVYSCDPYTLAYYGYPYNALIGPNRDYFVKAGSIRGRGRGAAGNRAPGPRGSYLGGYSAGRGIYSRYHEGKGKQQEKGYELVPNLEIPTVNPVAIKPGTVAIPAIGAQYSMFPAAPAPKMIEDGKIHTVEHMISPIAVQPDPASAAAAAAAAAAAAAAVIPTVSTPPPFQGRPITPVYTVAPNVQRIPTAGIYGASYVPFAAPATATIATLQKNAAAAAAMYGGYAGYIPQAFPAAAIQVPIPDVYQTY
A0AVF1	IFT56_HUMAN		MMLSRAKPAVGRGVQHTDKRKKKGRKIPKLEELLSKRDFTGAITLLEFKRHVGEEEEDTNLWIGYCAFHLGDYKRALEEYENATKEENCNSEVWVNLACTYFFLGMYKQAEAAGFKASKSRLQNRLLFHLAHKFNDEKKLMSFHQNLQDVTEDQLSLASIHYMRSHYQEAIDIYKRILLDNREYLALNVYVALCYYKLDYYDVSQEVLAVYLQQIPDSTIALNLKACNHFRLYNGRAAEAELKSLMDNASSSFEFAKELIRHNLVVFRGGEGALQVLPPLVDVIPEARLNLVIYYLRQDDVQEAYNLIKDLEPTTPQEYILKGVVNAALGQEMGSRDHMKIAQQFFQLVGGSASECDTIPGRQCMASCFFLLKQFDDVLIYLNSFKSYFYNDDIFNFNYAQAKAATGNTSEGEEAFLLIQSEKMKNDYIYLSWLARCYIMNKKPRLAWELYLKMETSGESFSLLQLIANDCYKMGQFYYSAKAFDVLERLDPNPEYWEGKRGACVGIFQMIIAGREPKETLREVLHLLRSTGNTQVEYMIRIMKKWAKENRVSI
